scenario,policy,seed,arrivals,started,completed,waiting,in_service,wait_started,wait_censored,objective,max_queue,icu_saturation,fatigue_mean,weighted_queue_area,runtime_s,wait_p0,coverage_p0,wait_p1,coverage_p1,wait_p2,coverage_p2,util_beds,util_icu,util_ventilators,util_doctors,util_nurses
referencia,fifo,1000,148,104,96,44,8,160.19304777516453,172.3220654500008,192.6969293264311,72,0.14583333333333334,0.8544735407963149,67614.0,0.18826020002597943,165.43533517605582,0.6,171.76977950507072,0.7142857142857143,175.77143663965444,0.7333333333333333,0.45729166666666665,0.5869791666666667,0.2847222222222222,0.9794270833333333,0.6529513888888889
referencia,fifo,1001,135,103,95,32,8,164.11839332857326,171.4978788385307,197.62201427029547,68,0.84375,0.8635847283322514,72075.0,0.14533810003194958,187.874449474341,0.675,155.67973376325682,0.8108108108108109,170.29457784461215,0.7931034482758621,0.34427083333333336,0.9442708333333333,0.5243055555555556,0.9885416666666667,0.6590277777777778
referencia,fifo,1002,156,106,99,50,7,156.48926725781283,177.82372848119553,200.05649630769366,81,0.27708333333333335,0.8651466885406313,72691.0,0.1800573999644257,184.03278357700242,0.6129032258064516,163.1151948781922,0.7647058823529411,185.3596001809679,0.6486486486486487,0.4184027777777778,0.725,0.5020833333333333,0.9901041666666667,0.6600694444444445
referencia,fifo,1003,148,97,89,51,8,155.7726035996244,182.69908225259215,217.8626751819894,75,0.4666666666666667,0.8664482859399224,84760.0,0.17481890000635758,208.73919865372545,0.6,181.42894760569257,0.7288135593220338,167.20896873643304,0.6111111111111112,0.4013888888888889,0.7786458333333334,0.48819444444444443,0.99140625,0.6609375
referencia,fifo,1004,142,106,99,36,7,141.78462702284025,150.7514144175503,171.21638699300067,63,0.5166666666666667,0.8617624372178933,56771.0,0.127419899974484,144.9742204497727,0.7931034482758621,164.97934443029624,0.75,144.1066275263145,0.7246376811594203,0.3831597222222222,0.8239583333333333,0.4215277777777778,0.98671875,0.6578125
referencia,fifo,1005,154,101,94,53,7,153.74459693850736,183.5554309134728,205.44877646581068,83,0.6041666666666666,0.8628037207907192,77339.0,0.17403709999052808,177.93256160483654,0.6470588235294118,186.7167347150817,0.6666666666666666,183.98950428465508,0.6521739130434783,0.384375,0.8223958333333333,0.7208333333333333,0.9877604166666667,0.6585069444444445
referencia,fifo,1006,168,102,94,66,8,163.2429372013396,196.40985567890752,225.73176719957,93,0.8083333333333333,0.8625434218867869,90333.0,0.2389499000273645,215.78375421889214,0.6216216216216216,169.64007043896132,0.5769230769230769,204.95662259660088,0.620253164556962,0.3532986111111111,0.9151041666666667,0.5069444444444444,0.9875,0.6583333333333333
referencia,fifo,1007,149,103,96,46,7,156.8131295360917,179.85075031820486,200.6822648679231,79,0.3104166666666667,0.8531720376687826,75615.0,0.17499540001153946,181.14209390180287,0.6896551724137931,175.27626839096501,0.6923076923076923,184.5760659790457,0.6909090909090909,0.4045138888888889,0.7427083333333333,0.6673611111111111,0.978125,0.6520833333333333
referencia,fifo,1008,158,112,104,46,8,174.37181620433998,192.20541015983363,211.81818532945906,89,0.46458333333333335,0.8635846997001412,79372.0,0.22753740003099665,191.1904297897531,0.7586206896551724,185.17890110582272,0.6724137931034483,198.35994474948103,0.7183098591549296,0.41597222222222224,0.7291666666666666,0.5708333333333333,0.9885416666666667,0.6590277777777778
referencia,fifo,1009,171,108,100,63,8,161.90869138801312,187.44656993490293,215.13287283235445,88,0.46041666666666664,0.8667086184015541,87428.0,0.2462324000080116,184.35263365261096,0.59375,197.85405513707542,0.6212121212121212,179.39330880736807,0.6575342465753424,0.41302083333333334,0.7442708333333333,0.5888888888888889,0.9916666666666667,0.6611111111111111
referencia,fifo,1010,167,102,94,65,8,155.43268867868053,189.67953335513104,221.82052069472647,91,0.55625,0.8583783417882811,90676.0,0.2291933000087738,202.5024911693142,0.4864864864864865,187.6944892112239,0.7241379310344828,184.6890211498788,0.5833333333333334,0.3984375,0.7713541666666667,0.6243055555555556,0.9833333333333333,0.6555555555555556
referencia,fifo,1011,154,106,98,48,8,162.91883922630566,180.47633183770938,199.09709580989895,81,0.36041666666666666,0.8641053648345042,73148.0,0.2014453000156209,182.09028846950218,0.7857142857142857,169.8475252961086,0.6949152542372882,189.16153781180265,0.6417910447761194,0.3967013888888889,0.7880208333333333,0.6777777777777778,0.9890625,0.659375
referencia,fifo,1012,146,109,101,37,8,133.10514902651417,144.023676563993,175.55977685348643,67,0.48333333333333334,0.8628037727670701,62119.0,0.1535382000147365,170.05765576294496,0.6285714285714286,134.24747258733285,0.813953488372093,136.80584566742047,0.7647058823529411,0.39427083333333335,0.7927083333333333,0.41041666666666665,0.9877604166666667,0.6585069444444445
referencia,fifo,1013,155,102,95,53,7,162.69239442497198,182.46984821814883,205.84690929976753,78,0.31666666666666665,0.8615020853870884,77938.0,0.18776609998894855,184.31377417835043,0.625,175.74989280905754,0.6724137931034483,187.5583371873926,0.6615384615384615,0.4045138888888889,0.759375,0.5027777777777778,0.9864583333333333,0.6576388888888889
referencia,fifo,1014,165,103,95,62,8,143.9924065618471,168.04473252861425,194.1333347020873,82,0.5,0.8638450507541237,78219.0,0.1805484999786131,159.93387116433323,0.5945945945945946,176.2293356446503,0.65,165.23628669797057,0.6176470588235294,0.39479166666666665,0.7932291666666667,0.5444444444444444,0.9888020833333333,0.6592013888888889
referencia,fifo,1015,151,104,96,47,8,145.02441661093115,168.57758224720305,197.2494701850249,72,0.5520833333333334,0.8695722242943605,68861.0,0.161722999997437,174.1858152154617,0.7,182.13492147716627,0.7291666666666666,157.358414136436,0.6575342465753424,0.3840277777777778,0.8369791666666667,0.39791666666666664,0.99453125,0.6630208333333333
referencia,fifo,1016,181,117,109,64,8,159.23598705669838,178.4867387817487,206.7615059650573,93,0.45625,0.8620227964324204,85393.0,0.23357590002706274,182.20964965987469,0.5714285714285714,172.8446326875234,0.5483870967741935,181.0999375568387,0.75,0.4201388888888889,0.7135416666666666,0.5888888888888889,0.9869791666666666,0.6579861111111112
referencia,fifo,1017,138,114,106,24,8,144.4474175472462,143.67361390016916,158.7437289161729,61,0.17083333333333334,0.8672292678386098,48409.0,0.14663580001797527,146.68059647071303,0.7916666666666666,132.87767850740744,0.8333333333333334,148.96891535576552,0.8333333333333334,0.4288194444444444,0.6979166666666666,0.34444444444444444,0.9921875,0.6614583333333334
referencia,fifo,1018,154,111,103,43,8,147.14375575530582,155.14333554745778,181.75619405443155,71,0.4583333333333333,0.8628037458942607,64288.0,0.1460547000169754,152.02251358446046,0.7096774193548387,181.19343536208564,0.723404255319149,140.30637225226573,0.7236842105263158,0.40381944444444445,0.7640625,0.6131944444444445,0.9877604166666667,0.6585069444444445
referencia,fifo,1019,177,107,99,70,8,165.0289018463148,202.70098712594375,227.06886229762245,98,0.5958333333333333,0.8698325580092726,90514.0,0.23328030004631728,201.27593949499982,0.6666666666666666,195.81530932762652,0.5396825396825397,208.37419105716168,0.6309523809523809,0.39739583333333334,0.7973958333333333,0.3159722222222222,0.9947916666666666,0.6631944444444444
referencia,fifo,1020,171,111,103,60,8,144.6182839866835,171.96823875169474,208.05803913810158,80,0.5270833333333333,0.8700928902195201,85811.0,0.2218908999930136,208.86201089670234,0.525,142.96728446844224,0.7307692307692307,172.37708352294564,0.6582278481012658,0.4173611111111111,0.7380208333333333,0.3215277777777778,0.9950520833333333,0.6633680555555556
referencia,fifo,1021,172,109,102,63,7,163.07621018998137,179.64661997362805,201.1212809167211,87,0.58125,0.8685309070757391,84125.0,0.21917379996739328,170.0234268520908,0.5641025641025641,175.06717078581516,0.6724137931034483,188.19212110206942,0.64,0.39045138888888886,0.815625,0.44027777777777777,0.9934895833333334,0.6623263888888888
referencia,fifo,1022,171,122,115,49,7,170.46391077146725,175.33519015035958,191.93011705084263,86,0.175,0.8643656740411966,70566.0,0.20722649997333065,151.5001152651181,0.5909090909090909,180.02737597929266,0.7164179104477612,177.8961071861742,0.7439024390243902,0.5116319444444445,0.44375,0.32013888888888886,0.9893229166666667,0.6595486111111111
referencia,fifo,1023,146,104,96,42,8,157.25037790965527,176.8205992126818,202.68078204520725,72,0.6125,0.8630640716850101,71397.0,0.18589050002628937,192.44396473627856,0.7419354838709677,166.03800471638075,0.6875,177.3167216692632,0.7164179104477612,0.3807291666666667,0.8338541666666667,0.5743055555555555,0.9880208333333333,0.6586805555555556
referencia,fifo,1024,162,107,99,55,8,155.41661739011525,169.0961025974221,183.55671370152027,79,0.43333333333333335,0.859159201387732,67287.0,0.19261840003309771,153.61018604793878,0.7096774193548387,159.67760375219697,0.7058823529411765,181.10118827417787,0.6125,0.3949652777777778,0.7833333333333333,0.4756944444444444,0.9841145833333333,0.6560763888888889
referencia,fifo,1025,152,108,100,44,8,149.4149787922786,161.43554083411436,179.23091062235048,73,0.27291666666666664,0.8648863219961794,65702.0,0.18818800000008196,145.8724431257442,0.6363636363636364,163.27848934642526,0.6981132075471698,167.7371461859892,0.7575757575757576,0.41336805555555556,0.7395833333333334,0.5708333333333333,0.98984375,0.6598958333333333
referencia,fifo,1026,178,97,89,81,8,182.99018119407498,216.53725619588516,245.29198173082642,104,0.7125,0.8633244320388191,111995.0,0.2766890999628231,234.31478482945232,0.5348837209302325,179.58766233863395,0.6,239.9271114741414,0.5,0.36944444444444446,0.8682291666666667,0.4652777777777778,0.98828125,0.6588541666666666
referencia,fifo,1027,143,114,106,29,8,137.6269510119158,135.37049072692778,151.15169720836295,60,0.46458333333333335,0.8604608722860436,50119.0,0.1432700000004843,125.29083512736818,0.75,145.90423218862918,0.8478260869565217,132.4382914450351,0.782608695652174,0.4065972222222222,0.7510416666666667,0.4222222222222222,0.9854166666666667,0.6569444444444444
referencia,fifo,1028,161,100,92,61,8,152.13349165727877,178.8724718547651,207.5036751169995,86,0.71875,0.8635847497675313,80784.0,0.21380080003291368,191.44704290569246,0.6666666666666666,170.57884360983604,0.6538461538461539,178.5791035109696,0.5753424657534246,0.35434027777777777,0.9140625,0.8340277777777778,0.9885416666666667,0.6590277777777778
referencia,fifo,1029,146,101,93,45,8,154.85481162166323,170.4663159675091,190.61185835835462,74,0.5,0.8604608641236768,66352.0,0.19559600000502542,176.21428704454965,0.6896551724137931,161.10082865400628,0.8,174.967557824837,0.6119402985074627,0.3840277777777778,0.81875,0.5173611111111112,0.9854166666666667,0.6569444444444444
referencia,priority,1000,148,74,66,74,8,121.63699073683664,212.55855193648728,179.08790677004012,85,0.9270833333333334,0.8544735407963149,62424.0,0.2459343000082299,87.63533517605582,0.96,160.49993823522945,0.746031746031746,319.2714366396545,0.05,0.3375,0.9463541666666667,0.5409722222222222,0.9794270833333333,0.6529513888888889
referencia,priority,1001,135,94,86,41,8,161.4189973979188,194.16454550519737,184.20881133631013,73,0.95625,0.8635847283322514,67309.0,0.20960790000390261,185.624449474341,0.7,56.00405808758113,1.0,288.1911295687501,0.5,0.3333333333333333,0.9770833333333333,0.5305555555555556,0.9885416666666667,0.6590277777777778
referencia,priority,1002,156,78,71,78,7,118.46692044979933,218.96475412222114,179.9402735474031,94,0.94375,0.8651466885406313,65823.0,0.22664680000161752,131.3231061576476,0.8387096774193549,112.95833213309413,0.9803921568627451,328.7379785593463,0.02702702702702703,0.3392361111111111,0.9625,0.6729166666666667,0.9901041666666667,0.6600694444444445
referencia,priority,1003,148,80,73,68,7,144.57921275509958,219.29367684718676,200.33886565817986,85,0.9333333333333333,0.8664482859399224,78832.0,0.27199439995456487,169.0820557965826,0.7714285714285715,144.1069137073875,0.8813559322033898,333.98674651421084,0.018518518518518517,0.34618055555555555,0.9442708333333333,0.6451388888888889,0.99140625,0.6609375
referencia,priority,1004,142,86,78,56,8,124.23829007549985,190.79366793867706,148.69372032633402,74,0.9625,0.8617624372178933,49645.0,0.21667759999400005,115.59491010494513,0.896551724137931,67.79752624847805,1.0,300.8312652074739,0.2318840579710145,0.3338541666666667,0.971875,0.48333333333333334,0.98671875,0.6578125
referencia,priority,1005,154,81,73,73,8,117.91682561732875,217.84763870568057,187.3501849165149,94,0.90625,0.8628037207907192,70349.0,0.2609501000260934,152.314914546013,0.7352941176470589,109.10889157782681,1.0,330.51124341508984,0.07246376811594203,0.34878472222222223,0.9291666666666667,0.7805555555555556,0.9877604166666667,0.6585069444444445
referencia,priority,1006,168,79,71,89,8,111.48320486055724,229.28485567890752,209.2438022105109,106,0.9458333333333333,0.8625434218867869,84298.0,0.28546689997892827,198.91888935402727,0.6756756756756757,88.50545505434593,1.0,336.1718124700186,0.02531645569620253,0.33611111111111114,0.9666666666666667,0.5506944444444445,0.9875,0.6583333333333333
referencia,priority,1007,149,83,75,66,8,135.25434590599687,207.4681999826344,191.0454724150929,87,0.9291666666666667,0.8531720376687826,71949.0,0.2060295999981463,141.31450769490633,0.896551724137931,159.8454991601958,0.7692307692307693,298.6306114335911,0.12727272727272726,0.3342013888888889,0.9536458333333333,0.8381944444444445,0.978125,0.6520833333333333
referencia,priority,1008,158,83,76,75,7,134.42352464401029,228.8509797800868,189.49837626024666,99,0.9291666666666667,0.8635846997001412,71700.0,0.2577578999917023,141.2593953069945,0.9310344827586207,131.54097007133998,0.9137931034482759,344.12050812976275,0.04225352112676056,0.33819444444444446,0.9625,0.6618055555555555,0.9885416666666667,0.6590277777777778
referencia,priority,1009,171,82,74,89,8,135.23285530654886,225.38809040273918,196.1091147330024,102,0.9395833333333333,0.8667086184015541,79700.0,0.24923860002309084,139.54013365261096,0.8125,144.47526725828754,0.803030303030303,336.1741307251763,0.0410958904109589,0.33697916666666666,0.9723958333333333,0.7895833333333333,0.9916666666666667,0.6611111111111111
referencia,priority,1010,167,79,71,88,8,134.21794718124835,224.09270700782565,211.27137539558117,105,0.9229166666666667,0.8583783417882811,86099.0,0.22100469999713823,172.34032900715204,0.6486486486486487,146.79793748708596,0.8275862068965517,312.9529100387677,0.09722222222222222,0.3434027777777778,0.9364583333333333,0.7486111111111111,0.9833333333333333,0.6555555555555556
referencia,priority,1011,154,82,74,72,8,127.89258604886322,214.9893188506964,183.50728998465624,91,0.9354166666666667,0.8641053648345042,67865.0,0.2339664999744855,149.44743132664505,0.9285714285714286,118.76277953339675,0.9322033898305084,327.1167616923997,0.014925373134328358,0.3404513888888889,0.9567708333333333,0.8111111111111111,0.9890625,0.659375
referencia,priority,1012,146,85,77,61,8,127.61393855034679,193.79764916673273,154.77107906478864,82,0.90625,0.8628037727670701,54678.0,0.19625310000265017,121.82908433437353,0.7714285714285715,61.3637516571003,0.9767441860465116,314.58525743212635,0.23529411764705882,0.33524305555555556,0.9697916666666667,0.5020833333333333,0.9877604166666667,0.6585069444444445
referencia,priority,1013,155,82,74,73,8,136.9830457643827,216.21823531492302,186.22045918375827,91,0.925,0.8615020853870884,70979.0,0.2531019999878481,135.31377417835043,0.8125,138.24989280905754,0.896551724137931,325.61987564893104,0.06153846153846154,0.3388888888888889,0.95625,0.6215277777777778,0.9864583333333333,0.6576388888888889
referencia,priority,1014,165,85,77,80,8,120.50967797921933,195.02655071043242,179.0801432127256,91,0.9270833333333334,0.8638450507541237,72584.0,0.24559609999414533,135.52846575892784,0.7027027027027027,129.79600231131695,0.85,284.9568749332647,0.11764705882352941,0.3423611111111111,0.9505208333333334,0.6,0.9888020833333333,0.6592013888888889
referencia,priority,1015,151,79,71,72,8,110.00187385370265,216.17360873726926,178.27465910190148,87,0.9291666666666667,0.8695722242943605,62828.0,0.20802520000142977,145.1858152154617,0.8333333333333334,89.73908814383294,1.0,328.4817018076689,0.0821917808219178,0.34149305555555554,0.9645833333333333,0.4340277777777778,0.99453125,0.6630208333333333
referencia,priority,1016,181,79,71,102,8,117.55242437525925,226.08342386462164,190.8927559650573,111,0.9166666666666666,0.8620227964324204,78796.0,0.29793709999648854,131.98107823130326,0.7142857142857143,121.05431010687823,0.8225806451612904,342.81422327112443,0.03571428571428571,0.3434027777777778,0.94375,0.6409722222222223,0.9869791666666666,0.6579861111111112
referencia,priority,1017,138,92,84,46,8,143.88606250647766,192.96346897263294,132.72910903313198,74,0.7479166666666667,0.8672292678386098,41072.0,0.19624479999765754,69.55559647071304,1.0,74.7348213645503,1.0,303.0661375779877,0.3611111111111111,0.3609375,0.9015625,0.3819444444444444,0.9921875,0.6614583333333334
referencia,priority,1018,154,85,77,69,8,97.24514598559426,193.390088794211,162.40135534475414,79,0.9645833333333333,0.8628037458942607,57748.0,0.21383119997335598,118.7321910038153,0.8709677419354839,103.85300983017072,1.0,279.21426698910784,0.14473684210526316,0.3326388888888889,0.9776041666666667,0.8013888888888889,0.9877604166666667,0.6585069444444445
referencia,priority,1019,177,79,71,98,8,136.28404769621284,241.32810577001158,207.93420446097784,113,0.9458333333333333,0.8698325580092726,82866.0,0.30824919999577105,150.10927282833316,0.8333333333333334,141.76769028000746,0.7936507936507936,348.57657200954264,0.047619047619047616,0.3428819444444444,0.9609375,0.3458333333333333,0.9947916666666666,0.6631944444444444
referencia,priority,1020,171,81,73,90,8,111.09336714585295,215.88051945344912,188.2159338749437,99,0.9708333333333333,0.8700928902195201,77766.0,0.251742499996908,152.51201089670235,0.7,101.77497677613457,0.9615384615384616,323.0732860545912,0.0379746835443038,0.3355902777777778,0.9833333333333333,0.5555555555555556,0.9950520833333333,0.6633680555555556
referencia,priority,1021,172,83,75,89,8,114.80782420937629,209.47220136897693,183.17511114446438,96,0.94375,0.8685309070757391,76537.0,0.27559309999924153,148.1259909546549,0.6923076923076923,102.23958457891861,0.9137931034482759,324.2987877687361,0.04,0.3390625,0.9697916666666667,0.5472222222222223,0.9934895833333334,0.6623263888888888
referencia,priority,1022,171,87,79,84,8,127.04758225302243,221.11881588135373,171.9252977737342,100,0.5854166666666667,0.8643656740411966,63464.0,0.2912069000303745,38.18193344693628,1.0,161.6243909046658,0.8955223880597015,318.81074133251565,0.06097560975609756,0.39652777777777776,0.7890625,0.6048611111111111,0.9893229166666667,0.6595486111111111
referencia,priority,1023,146,80,72,66,8,119.92182329753209,219.14251702090098,182.8923689469705,88,0.9375,0.8630640716850101,64921.0,0.24427749996539205,157.056867962085,0.8387096774193549,91.35050471638077,0.9791666666666666,339.4211992812035,0.1044776119402985,0.3388888888888889,0.959375,0.6534722222222222,0.9880208333333333,0.6586805555555556
referencia,priority,1024,162,79,71,83,8,103.78326884971634,204.8121519801381,166.2559977110668,90,0.9395833333333333,0.859159201387732,60698.0,0.24928560003172606,111.31986346729364,0.8387096774193549,102.6187802227852,0.9803921568627451,306.1886882741779,0.0375,0.33576388888888886,0.9609375,0.6173611111111111,0.9841145833333333,0.6560763888888889
referencia,priority,1025,152,78,70,74,8,97.69985889909688,207.27764609727225,157.40585152069565,85,0.9645833333333333,0.8648863219961794,57610.0,0.20351430005393922,102.05426130756241,0.8181818181818182,89.41056481812336,0.9433962264150944,354.5401764890195,0.015151515151515152,0.33177083333333335,0.984375,0.69375,0.98984375,0.6598958333333333
referencia,priority,1026,178,78,70,100,8,157.69070448401757,236.5204022633009,236.41626471361803,111,0.9479166666666666,0.8633244320388191,108133.0,0.3385046999901533,213.68687785270814,0.5813953488372093,156.6338161847878,0.7846153846153846,324.7271114741414,0.02857142857142857,0.3347222222222222,0.9723958333333333,0.5006944444444444,0.98828125,0.6588541666666666
referencia,priority,1027,143,88,80,55,8,110.82270922561139,180.14671450315157,132.91169720836294,74,0.9604166666666667,0.8604608722860436,44239.0,0.19251409999560565,89.32654941308247,0.9642857142857143,67.12162349297701,1.0,292.35133492329595,0.21739130434782608,0.33368055555555554,0.9697916666666667,0.5284722222222222,0.9854166666666667,0.6569444444444444
referencia,priority,1028,161,81,73,80,8,111.7753451664918,204.41905570569676,189.53738298216803,95,0.9645833333333333,0.8635847497675313,74229.0,0.23999859998002648,176.89148735013688,0.75,93.19422822522068,0.9615384615384616,297.222939127408,0.0547945205479452,0.3338541666666667,0.9755208333333333,0.8631944444444445,0.9885416666666667,0.6590277777777778
referencia,priority,1029,146,82,74,64,8,115.81085595521662,198.39782281682417,174.77298367804772,82,0.9,0.8604608641236768,61059.0,0.22599170001922175,148.17980428592898,0.8620689655172413,108.04082865400628,1.0,287.5645727502102,0.1044776119402985,0.3446180555555556,0.9369791666666667,0.6326388888888889,0.9854166666666667,0.6569444444444444
referencia,tuned,1000,148,74,66,74,8,121.63699073683664,212.55855193648728,179.08790677004012,85,0.9270833333333334,0.8544735407963149,62424.0,0.2514060999965295,87.63533517605582,0.96,160.49993823522945,0.746031746031746,319.2714366396545,0.05,0.3375,0.9463541666666667,0.5409722222222222,0.9794270833333333,0.6529513888888889
referencia,tuned,1001,135,94,86,41,8,161.4189973979188,194.16454550519737,184.20881133631013,73,0.95625,0.8635847283322514,67309.0,0.1881269000004977,185.624449474341,0.7,56.00405808758113,1.0,288.1911295687501,0.5,0.3333333333333333,0.9770833333333333,0.5305555555555556,0.9885416666666667,0.6590277777777778
referencia,tuned,1002,156,78,71,78,7,118.46692044979933,218.96475412222114,179.9402735474031,94,0.94375,0.8651466885406313,65823.0,0.26235340000130236,131.3231061576476,0.8387096774193549,112.95833213309413,0.9803921568627451,328.7379785593463,0.02702702702702703,0.3392361111111111,0.9625,0.6729166666666667,0.9901041666666667,0.6600694444444445
referencia,tuned,1003,148,80,73,68,7,144.57921275509958,219.29367684718676,200.33886565817986,85,0.9333333333333333,0.8664482859399224,78832.0,0.24308729998301715,169.0820557965826,0.7714285714285715,144.1069137073875,0.8813559322033898,333.98674651421084,0.018518518518518517,0.34618055555555555,0.9442708333333333,0.6451388888888889,0.99140625,0.6609375
referencia,tuned,1004,142,86,78,56,8,124.23829007549985,190.79366793867706,148.69372032633402,74,0.9625,0.8617624372178933,49645.0,0.19797719997586682,115.59491010494513,0.896551724137931,67.79752624847805,1.0,300.8312652074739,0.2318840579710145,0.3338541666666667,0.971875,0.48333333333333334,0.98671875,0.6578125
referencia,tuned,1005,154,81,73,73,8,117.91682561732875,217.84763870568057,187.3501849165149,94,0.90625,0.8628037207907192,70349.0,0.23039969999808818,152.314914546013,0.7352941176470589,109.10889157782681,1.0,330.51124341508984,0.07246376811594203,0.34878472222222223,0.9291666666666667,0.7805555555555556,0.9877604166666667,0.6585069444444445
referencia,tuned,1006,168,79,71,89,8,111.48320486055724,229.28485567890752,209.2438022105109,106,0.9458333333333333,0.8625434218867869,84298.0,0.2826168999890797,198.91888935402727,0.6756756756756757,88.50545505434593,1.0,336.1718124700186,0.02531645569620253,0.33611111111111114,0.9666666666666667,0.5506944444444445,0.9875,0.6583333333333333
referencia,tuned,1007,149,83,75,66,8,135.25434590599687,207.4681999826344,191.0454724150929,87,0.9291666666666667,0.8531720376687826,71949.0,0.19929030002094805,141.31450769490633,0.896551724137931,159.8454991601958,0.7692307692307693,298.6306114335911,0.12727272727272726,0.3342013888888889,0.9536458333333333,0.8381944444444445,0.978125,0.6520833333333333
referencia,tuned,1008,158,83,76,75,7,134.42352464401029,228.8509797800868,189.49837626024666,99,0.9291666666666667,0.8635846997001412,71700.0,0.23694669996621087,141.2593953069945,0.9310344827586207,131.54097007133998,0.9137931034482759,344.12050812976275,0.04225352112676056,0.33819444444444446,0.9625,0.6618055555555555,0.9885416666666667,0.6590277777777778
referencia,tuned,1009,171,82,74,89,8,135.23285530654886,225.38809040273918,196.1091147330024,102,0.9395833333333333,0.8667086184015541,79700.0,0.2847878999891691,139.54013365261096,0.8125,144.47526725828754,0.803030303030303,336.1741307251763,0.0410958904109589,0.33697916666666666,0.9723958333333333,0.7895833333333333,0.9916666666666667,0.6611111111111111
referencia,tuned,1010,167,79,71,88,8,134.21794718124835,224.09270700782565,211.27137539558117,105,0.9229166666666667,0.8583783417882811,86099.0,0.27098040003329515,172.34032900715204,0.6486486486486487,146.79793748708596,0.8275862068965517,312.9529100387677,0.09722222222222222,0.3434027777777778,0.9364583333333333,0.7486111111111111,0.9833333333333333,0.6555555555555556
referencia,tuned,1011,154,82,74,72,8,127.89258604886322,214.9893188506964,183.50728998465624,91,0.9354166666666667,0.8641053648345042,67865.0,0.24193720001494512,149.44743132664505,0.9285714285714286,118.76277953339675,0.9322033898305084,327.1167616923997,0.014925373134328358,0.3404513888888889,0.9567708333333333,0.8111111111111111,0.9890625,0.659375
referencia,tuned,1012,146,85,77,61,8,127.61393855034679,193.79764916673273,154.77107906478864,82,0.90625,0.8628037727670701,54678.0,0.20768380002118647,121.82908433437353,0.7714285714285715,61.3637516571003,0.9767441860465116,314.58525743212635,0.23529411764705882,0.33524305555555556,0.9697916666666667,0.5020833333333333,0.9877604166666667,0.6585069444444445
referencia,tuned,1013,155,82,74,73,8,136.9830457643827,216.21823531492302,186.22045918375827,91,0.925,0.8615020853870884,70979.0,0.2612799000344239,135.31377417835043,0.8125,138.24989280905754,0.896551724137931,325.61987564893104,0.06153846153846154,0.3388888888888889,0.95625,0.6215277777777778,0.9864583333333333,0.6576388888888889
referencia,tuned,1014,165,85,77,80,8,120.50967797921933,195.02655071043242,179.0801432127256,91,0.9270833333333334,0.8638450507541237,72584.0,0.2448410999495536,135.52846575892784,0.7027027027027027,129.79600231131695,0.85,284.9568749332647,0.11764705882352941,0.3423611111111111,0.9505208333333334,0.6,0.9888020833333333,0.6592013888888889
referencia,tuned,1015,151,79,71,72,8,110.00187385370265,216.17360873726926,178.27465910190148,87,0.9291666666666667,0.8695722242943605,62828.0,0.24803849996533245,145.1858152154617,0.8333333333333334,89.73908814383294,1.0,328.4817018076689,0.0821917808219178,0.34149305555555554,0.9645833333333333,0.4340277777777778,0.99453125,0.6630208333333333
referencia,tuned,1016,181,79,71,102,8,117.55242437525925,226.08342386462164,190.8927559650573,111,0.9166666666666666,0.8620227964324204,78796.0,0.3261091999593191,131.98107823130326,0.7142857142857143,121.05431010687823,0.8225806451612904,342.81422327112443,0.03571428571428571,0.3434027777777778,0.94375,0.6409722222222223,0.9869791666666666,0.6579861111111112
referencia,tuned,1017,138,92,84,46,8,143.88606250647766,192.96346897263294,132.72910903313198,74,0.7479166666666667,0.8672292678386098,41072.0,0.21176530001685023,69.55559647071304,1.0,74.7348213645503,1.0,303.0661375779877,0.3611111111111111,0.3609375,0.9015625,0.3819444444444444,0.9921875,0.6614583333333334
referencia,tuned,1018,154,85,77,69,8,97.24514598559426,193.390088794211,162.40135534475414,79,0.9645833333333333,0.8628037458942607,57748.0,0.23051919997669756,118.7321910038153,0.8709677419354839,103.85300983017072,1.0,279.21426698910784,0.14473684210526316,0.3326388888888889,0.9776041666666667,0.8013888888888889,0.9877604166666667,0.6585069444444445
referencia,tuned,1019,177,79,71,98,8,136.28404769621284,241.32810577001158,207.93420446097784,113,0.9458333333333333,0.8698325580092726,82866.0,0.3279299000278115,150.10927282833316,0.8333333333333334,141.76769028000746,0.7936507936507936,348.57657200954264,0.047619047619047616,0.3428819444444444,0.9609375,0.3458333333333333,0.9947916666666666,0.6631944444444444
referencia,tuned,1020,171,81,73,90,8,111.09336714585295,215.88051945344912,188.2159338749437,99,0.9708333333333333,0.8700928902195201,77766.0,0.2908727000467479,152.51201089670235,0.7,101.77497677613457,0.9615384615384616,323.0732860545912,0.0379746835443038,0.3355902777777778,0.9833333333333333,0.5555555555555556,0.9950520833333333,0.6633680555555556
referencia,tuned,1021,172,83,75,89,8,114.80782420937629,209.47220136897693,183.17511114446438,96,0.94375,0.8685309070757391,76537.0,0.27856529998825863,148.1259909546549,0.6923076923076923,102.23958457891861,0.9137931034482759,324.2987877687361,0.04,0.3390625,0.9697916666666667,0.5472222222222223,0.9934895833333334,0.6623263888888888
referencia,tuned,1022,171,87,79,84,8,127.04758225302243,221.11881588135373,171.9252977737342,100,0.5854166666666667,0.8643656740411966,63464.0,0.30036550003569573,38.18193344693628,1.0,161.6243909046658,0.8955223880597015,318.81074133251565,0.06097560975609756,0.39652777777777776,0.7890625,0.6048611111111111,0.9893229166666667,0.6595486111111111
referencia,tuned,1023,146,80,72,66,8,119.92182329753209,219.14251702090098,182.8923689469705,88,0.9375,0.8630640716850101,64921.0,0.2329666000441648,157.056867962085,0.8387096774193549,91.35050471638077,0.9791666666666666,339.4211992812035,0.1044776119402985,0.3388888888888889,0.959375,0.6534722222222222,0.9880208333333333,0.6586805555555556
referencia,tuned,1024,162,79,71,83,8,103.78326884971634,204.8121519801381,166.2559977110668,90,0.9395833333333333,0.859159201387732,60698.0,0.26636700000381097,111.31986346729364,0.8387096774193549,102.6187802227852,0.9803921568627451,306.1886882741779,0.0375,0.33576388888888886,0.9609375,0.6173611111111111,0.9841145833333333,0.6560763888888889
referencia,tuned,1025,152,78,70,74,8,97.69985889909688,207.27764609727225,157.40585152069565,85,0.9645833333333333,0.8648863219961794,57610.0,0.2299466000404209,102.05426130756241,0.8181818181818182,89.41056481812336,0.9433962264150944,354.5401764890195,0.015151515151515152,0.33177083333333335,0.984375,0.69375,0.98984375,0.6598958333333333
referencia,tuned,1026,178,78,70,100,8,157.69070448401757,236.5204022633009,236.41626471361803,111,0.9479166666666666,0.8633244320388191,108133.0,0.30820650001987815,213.68687785270814,0.5813953488372093,156.6338161847878,0.7846153846153846,324.7271114741414,0.02857142857142857,0.3347222222222222,0.9723958333333333,0.5006944444444444,0.98828125,0.6588541666666666
referencia,tuned,1027,143,88,80,55,8,110.82270922561139,180.14671450315157,132.91169720836294,74,0.9604166666666667,0.8604608722860436,44239.0,0.18872050003847107,89.32654941308247,0.9642857142857143,67.12162349297701,1.0,292.35133492329595,0.21739130434782608,0.33368055555555554,0.9697916666666667,0.5284722222222222,0.9854166666666667,0.6569444444444444
referencia,tuned,1028,161,81,73,80,8,111.7753451664918,204.41905570569676,189.53738298216803,95,0.9645833333333333,0.8635847497675313,74229.0,0.24082489998545498,176.89148735013688,0.75,93.19422822522068,0.9615384615384616,297.222939127408,0.0547945205479452,0.3338541666666667,0.9755208333333333,0.8631944444444445,0.9885416666666667,0.6590277777777778
referencia,tuned,1029,146,82,74,64,8,115.81085595521662,198.39782281682417,174.77298367804772,82,0.9,0.8604608641236768,61059.0,0.23516170005314052,148.17980428592898,0.8620689655172413,108.04082865400628,1.0,287.5645727502102,0.1044776119402985,0.3446180555555556,0.9369791666666667,0.6326388888888889,0.9854166666666667,0.6569444444444444
demanda_150,fifo,1000,209,103,95,106,8,181.34703418563632,226.71320571532033,253.89345892745663,129,0.15833333333333333,0.8620227637861161,122970.0,0.35036120004951954,200.79797820527583,0.4117647058823529,231.93181806138577,0.5222222222222223,231.55370717644539,0.49411764705882355,0.46371527777777777,0.5828125,0.28194444444444444,0.9869791666666666,0.6579861111111112
demanda_150,fifo,1001,217,104,96,113,8,190.84567232554238,224.25022554780705,260.8810922738563,127,0.8166666666666667,0.8669689462931469,137778.0,0.3489716000040062,232.67817564434583,0.54,223.16414396621565,0.45714285714285713,220.68969158785305,0.4639175257731959,0.35572916666666665,0.9166666666666666,0.4527777777777778,0.9919270833333333,0.6612847222222222
demanda_150,fifo,1002,228,104,96,124,8,175.1950071900227,226.85627180115122,255.82346834477963,136,0.28541666666666665,0.8680102693350855,131083.0,0.3741013000253588,227.1906761244445,0.48717948717948717,205.63692936171353,0.43023255813953487,244.4467735602114,0.46601941747572817,0.4192708333333333,0.728125,0.5048611111111111,0.99296875,0.6619791666666667
demanda_150,fifo,1003,225,97,89,128,8,172.06591394632568,230.81601849488652,273.8550181625037,137,0.475,0.8690515642167814,155325.0,0.3791009000269696,249.40451924122695,0.4117647058823529,227.93826901556866,0.5,222.73727914740525,0.37209302325581395,0.4019097222222222,0.7822916666666667,0.4909722222222222,0.9940104166666667,0.6626736111111111
demanda_150,fifo,1004,220,106,98,114,8,169.56636710097723,211.5555510408716,245.11578265114562,123,0.5791666666666667,0.8659276318107082,120558.0,0.339607400004752,206.75093841641183,0.5581395348837209,222.51647268642967,0.4925373134328358,206.7575200645023,0.44545454545454544,0.37569444444444444,0.8546875,0.4840277777777778,0.9908854166666666,0.6605902777777778
demanda_150,fifo,1005,233,101,94,132,7,173.27023330188248,235.5904972413136,269.8836688984072,146,0.6333333333333333,0.8669689311867432,145338.0,0.3948033000342548,233.04400517532255,0.46938775510204084,236.75709571712957,0.4647887323943662,235.96173281167313,0.39823008849557523,0.3836805555555556,0.8328125,0.7298611111111111,0.9919270833333333,0.6612847222222222
demanda_150,fifo,1006,243,101,94,142,7,178.8493358866235,244.64074896610796,280.3329091429153,156,0.8104166666666667,0.866187962971026,164512.0,0.44509170000674203,251.1007192326095,0.4107142857142857,222.2203021672813,0.379746835443038,257.69127639373033,0.4444444444444444,0.3546875,0.9182291666666667,0.5090277777777777,0.9911458333333333,0.6607638888888889
demanda_150,fifo,1007,224,103,95,121,8,176.78712697687197,220.11457276349432,252.52921043517654,128,0.3229166666666667,0.8607211644090724,135001.0,0.35925149999093264,212.67371578353368,0.4883720930232558,223.80593370495453,0.5,219.97978557016341,0.4065934065934066,0.40208333333333335,0.7651041666666667,0.6701388888888888,0.9856770833333334,0.6571180555555556
demanda_150,fifo,1008,235,112,105,123,7,192.84908928595695,231.63170313750493,263.96812867852674,139,0.46041666666666664,0.8669689356283622,141359.0,0.38673149998066947,231.0822100550763,0.5116279069767442,226.19422811335787,0.46987951807228917,235.98893827097868,0.46788990825688076,0.4171875,0.7322916666666667,0.5701388888888889,0.9919270833333333,0.6612847222222222
demanda_150,fifo,1009,237,108,100,129,8,179.19530043151494,238.91751087400561,274.66411164369214,147,0.46041666666666664,0.8693118979074294,152028.0,0.4113806000095792,230.29412004786496,0.4222222222222222,252.4525742383866,0.47126436781609193,231.3984830118645,0.45714285714285713,0.41458333333333336,0.7447916666666666,0.5888888888888889,0.9942708333333333,0.6628472222222223
demanda_150,fifo,1010,237,103,95,134,8,173.8182473803674,237.11408223530782,284.6004501153981,148,0.5541666666666667,0.8641053917099738,166388.0,0.39045329997316003,261.928777352445,0.34545454545454546,237.74229701288866,0.5185185185185185,223.09731363702466,0.4158415841584158,0.40034722222222224,0.7770833333333333,0.6298611111111111,0.9890625,0.659375
demanda_150,fifo,1011,229,110,102,119,8,191.06361042678753,244.42377073288205,266.3586466989009,152,0.35833333333333334,0.8672292709491387,141120.0,0.39422359998570755,211.44165886118913,0.5641025641025641,243.0174336470994,0.46153846153846156,258.70941757936936,0.46464646464646464,0.4032986111111111,0.7744791666666667,0.6736111111111112,0.9921875,0.6614583333333334
demanda_150,fifo,1012,229,109,101,120,8,164.18437270233656,210.37662398698166,247.22342464817154,135,0.39375,0.8667086315268897,135553.0,0.33995260001393035,218.77347923787562,0.41509433962264153,200.71770089912366,0.4864864864864865,213.02100614584546,0.5,0.4027777777777778,0.775,0.4375,0.9916666666666667,0.6611111111111111
demanda_150,fifo,1013,242,103,95,139,8,182.19554401782085,238.7415067201754,273.9099096774737,156,0.31875,0.8656672891870572,151252.0,0.4284981999662705,245.6954336099101,0.4444444444444444,226.4923251531679,0.47058823529411764,245.2437721055109,0.38392857142857145,0.4065972222222222,0.7614583333333333,0.5041666666666667,0.990625,0.6604166666666667
demanda_150,fifo,1014,245,103,95,142,8,168.02376225017093,232.4323452706699,271.5841049598554,156,0.5375,0.867229270924046,162205.0,0.40017339994665235,236.39619249271675,0.41818181818181815,233.3591454903932,0.4482758620689655,229.5328965684515,0.39805825242718446,0.3888888888888889,0.8177083333333334,0.5319444444444444,0.9921875,0.6614583333333334
demanda_150,fifo,1015,250,104,97,146,7,165.10836407365304,216.48163258975904,252.06890533289373,147,0.5479166666666667,0.8708738752768274,137744.0,0.39884119998896495,213.63039656834727,0.44680851063829785,216.23472421399683,0.4358974358974359,217.70776816028553,0.392,0.3845486111111111,0.8380208333333333,0.39791666666666664,0.9958333333333333,0.6638888888888889
demanda_150,fifo,1016,242,116,108,126,8,178.01928662206868,235.4763099729462,277.6510088005448,150,0.44375,0.866187967208467,162555.0,0.3868476999923587,243.79744974937128,0.39215686274509803,240.3924081100398,0.38461538461538464,226.7588793822143,0.61,0.4230902777777778,0.7130208333333333,0.6083333333333333,0.9911458333333333,0.6607638888888889
demanda_150,fifo,1017,217,114,106,103,8,176.2077019733231,215.383059677159,242.713187422876,126,0.17916666666666667,0.8693118949713036,116319.0,0.3245137000340037,199.9486075867096,0.5714285714285714,212.55732883842288,0.4146341463414634,223.10221719657994,0.6,0.42430555555555555,0.715625,0.3298611111111111,0.9942708333333333,0.6628472222222223
demanda_150,fifo,1018,210,110,102,100,8,168.96779212536146,213.48547293675236,245.24516096879404,120,0.4791666666666667,0.866708616844596,119570.0,0.31675630004610866,195.74997441150498,0.5238095238095238,235.40851974490144,0.4722222222222222,204.80246843543625,0.5625,0.4010416666666667,0.7802083333333333,0.5826388888888889,0.9916666666666667,0.6611111111111111
demanda_150,fifo,1019,246,107,99,139,8,182.6672429754248,241.78474967116847,283.14336619887223,151,0.5979166666666667,0.871134207487076,163107.0,0.43694340001093224,248.1588246018103,0.40816326530612246,248.11711537758092,0.39080459770114945,233.93706341608365,0.4818181818181818,0.3980902777777778,0.7979166666666667,0.3159722222222222,0.99609375,0.6640625
demanda_150,fifo,1020,251,110,102,141,8,166.78539330824597,238.07039136660154,282.4058861025559,158,0.5333333333333333,0.871654871907574,166359.0,0.4200485000037588,272.90331684669326,0.39622641509433965,213.6798986428532,0.49382716049382713,239.17709957325758,0.4188034188034188,0.41788194444444443,0.7395833333333334,0.32430555555555557,0.9966145833333333,0.6644097222222223
demanda_150,fifo,1021,238,112,104,126,8,189.73241794825927,238.9928781632569,272.69666600481526,155,0.5791666666666667,0.8700928829647371,159532.0,0.39076560002285987,239.72238478252316,0.4,228.9277082419832,0.4691358024691358,246.59244580603655,0.5098039215686274,0.39079861111111114,0.8177083333333334,0.44305555555555554,0.9950520833333333,0.6633680555555556
demanda_150,fifo,1022,236,124,116,112,8,192.97641260138454,227.91625353934194,261.6204501421523,140,0.17083333333333334,0.867489591288584,137370.0,0.4140890000271611,222.05984603171328,0.4,234.4188674212672,0.5208333333333334,223.92314239745795,0.5714285714285714,0.5112847222222222,0.4510416666666667,0.3298611111111111,0.9924479166666667,0.6616319444444444
demanda_150,fifo,1023,221,103,95,118,8,176.93678739011278,223.3229440594805,264.63799175316194,127,0.6479166666666667,0.8664482874709311,142062.0,0.35795340000186116,240.74475691652117,0.46,215.9796644470026,0.4342105263157895,220.02819256154666,0.49473684210526314,0.3767361111111111,0.8526041666666667,0.5666666666666667,0.99140625,0.6609375
demanda_150,fifo,1024,222,107,99,115,8,179.7284095609559,224.96146181766517,255.55991079736665,135,0.44375,0.8641053403514056,132789.0,0.3539289999753237,218.6315348319966,0.4782608695652174,221.8192496185074,0.4864864864864865,230.0957789164733,0.4803921568627451,0.39600694444444445,0.7901041666666667,0.4847222222222222,0.9890625,0.659375
demanda_150,fifo,1025,227,111,103,116,8,180.9969605539111,229.70764155936544,266.45964320221185,143,0.2604166666666667,0.867489588327783,138112.0,0.37887150002643466,237.82823356251845,0.4634146341463415,231.59633054210855,0.48148148148148145,225.07975508573242,0.5047619047619047,0.4288194444444444,0.6984375,0.5875,0.9924479166666667,0.6616319444444444
demanda_150,fifo,1026,264,97,89,167,8,198.72197646615305,257.7135102708116,291.9541976228527,177,0.7083333333333334,0.8667086377768497,200743.0,0.48833920003380626,257.8837182096838,0.323943661971831,228.40783307677475,0.42857142857142855,283.7402932217666,0.3431372549019608,0.3703125,0.8723958333333334,0.4673611111111111,0.9916666666666667,0.6611111111111111
demanda_150,fifo,1027,210,116,108,94,8,175.19840617632823,208.39441373749384,242.8503936932115,118,0.46458333333333335,0.8651466680621271,121015.0,0.28949910000665113,208.9035537715209,0.4222222222222222,217.94892778664794,0.6,201.11307389568324,0.5789473684210527,0.4310763888888889,0.6869791666666667,0.38263888888888886,0.9901041666666667,0.6600694444444445
demanda_150,fifo,1028,222,100,92,122,8,174.71916483871362,234.08264058638028,270.49293354512577,138,0.7208333333333333,0.8674896106124133,140515.0,0.3849540000082925,243.19146909466326,0.5217391304347826,228.56530757601382,0.4722222222222222,233.87342775335497,0.40384615384615385,0.35538194444444443,0.91875,0.8395833333333333,0.9924479166666667,0.6616319444444444
demanda_150,fifo,1029,231,104,97,127,7,183.01270096933123,231.64643300794592,263.6876157765286,146,0.5020833333333333,0.8648863483127104,139850.0,0.3896425999701023,237.94083699752105,0.4782608695652174,212.9094313679576,0.48,241.7894560941156,0.41818181818181815,0.38472222222222224,0.8255208333333334,0.5208333333333334,0.98984375,0.6598958333333333
demanda_150,priority,1000,209,74,66,135,8,158.1452523300405,256.7897607392438,243.36930865912032,143,0.9458333333333333,0.8620227637861161,117447.0,0.38600009999936447,138.94503702880525,0.7058823529411765,224.74292917249687,0.5333333333333333,337.85958952938654,0.023529411764705882,0.33663194444444444,0.9640625,0.6041666666666666,0.9869791666666666,0.6579861111111112
demanda_150,priority,1001,217,82,74,135,8,157.24639964329887,243.42534075518034,249.19245965441644,137,0.9583333333333334,0.8669689462931469,131703.0,0.37229169998317957,229.83817564434582,0.56,155.1212868233585,0.7142857142857143,314.15360911362626,0.041237113402061855,0.3342013888888889,0.98125,0.49583333333333335,0.9919270833333333,0.6612847222222222
demanda_150,priority,1002,228,78,70,150,8,159.29633417299743,255.0141665379933,241.9310313699897,152,0.94375,0.8680102693350855,124257.0,0.43827410001540557,185.90862484239324,0.6666666666666666,175.42762703613215,0.5813953488372093,347.6312395796288,0.019417475728155338,0.340625,0.9640625,0.7291666666666666,0.99296875,0.6619791666666667
demanda_150,priority,1003,225,80,72,145,8,170.795784054614,254.92268516155318,262.5425181625037,150,0.9354166666666667,0.8690515642167814,149344.0,0.4395004999823868,222.2084408098544,0.5098039215686274,202.54054174284138,0.6022727272727273,327.92332565903314,0.011627906976744186,0.3472222222222222,0.9463541666666667,0.6576388888888889,0.9940104166666667,0.6626736111111111
demanda_150,priority,1004,220,81,74,139,7,143.85584909711582,237.91918740450797,229.75901639455512,139,0.9645833333333333,0.8659276318107082,113200.0,0.38227760000154376,188.28582213734208,0.627906976744186,153.94930850732518,0.7313432835820896,308.4666109735932,0.045454545454545456,0.3350694444444444,0.9765625,0.5486111111111112,0.9908854166666666,0.6605902777777778
demanda_150,priority,1005,233,80,73,153,7,162.23820867535068,259.8480079709273,256.26753986614915,158,0.9541666666666667,0.8669689311867432,138096.0,0.4169758000061847,207.45216844062867,0.5306122448979592,190.10920839318592,0.6901408450704225,326.38651157273506,0.04424778761061947,0.34131944444444445,0.9598958333333333,0.8111111111111111,0.9919270833333333,0.6612847222222222
demanda_150,priority,1006,243,79,71,164,8,161.31639779054262,267.74774485088165,269.2403981296995,169,0.9604166666666667,0.866187962971026,158458.0,0.4842497000354342,239.11857637546663,0.44642857142857145,169.60004900272432,0.6582278481012658,354.38572083817485,0.018518518518518517,0.3362847222222222,0.9734375,0.5569444444444445,0.9911458333333333,0.6607638888888889
demanda_150,priority,1007,224,82,74,142,8,161.57250962214758,239.98957276349432,245.62290995052388,142,0.95625,0.8607211644090724,131146.0,0.39356140000745654,184.23185531841736,0.6046511627906976,211.62815592717675,0.5555555555555556,294.3863789767568,0.06593406593406594,0.33541666666666664,0.9651041666666667,0.8215277777777777,0.9856770833333334,0.6571180555555556
demanda_150,priority,1008,235,83,75,152,8,166.8395609633954,257.0997882438879,248.72299880839688,156,0.95,0.8669689356283622,133588.0,0.4609989000018686,193.3147681946112,0.6744186046511628,192.2424208844422,0.6144578313253012,331.64948872969427,0.027522935779816515,0.3362847222222222,0.975,0.7347222222222223,0.9919270833333333,0.6612847222222222
demanda_150,priority,1009,237,80,72,157,8,158.66197155290547,266.841561506917,261.94555818457263,164,0.9541666666666667,0.8693118979074294,144479.0,0.4843652999843471,197.78300893675384,0.5555555555555556,213.07326389355902,0.5977011494252874,340.9889592023407,0.02857142857142857,0.3368055555555556,0.978125,0.7597222222222222,0.9942708333333333,0.6628472222222223
demanda_150,priority,1010,237,80,72,157,8,165.51111032939914,263.7934071298226,274.79184477415174,164,0.95,0.8641053917099738,160737.0,0.4599995000171475,237.0196864433541,0.4727272727272727,206.11266738325904,0.6049382716049383,324.6319671023712,0.04950495049504951,0.3394097222222222,0.9598958333333333,0.7708333333333334,0.9890625,0.659375
demanda_150,priority,1011,229,82,74,147,8,165.0442397736841,268.0132903835371,256.1408249167227,162,0.9375,0.8672292709491387,135708.0,0.4550884999916889,187.49294091247117,0.6666666666666666,209.25919188885766,0.6043956043956044,353.73972060967236,0.010101010101010102,0.34131944444444445,0.9604166666666667,0.8333333333333334,0.9921875,0.6614583333333334
demanda_150,priority,1012,229,79,71,150,8,143.97015241824587,244.1801174367633,234.03806639271986,151,0.9416666666666667,0.8667086315268897,127988.0,0.42242169997189194,184.43385659636618,0.5094339622641509,158.78526846669124,0.6621621621621622,337.1778688909435,0.029411764705882353,0.3342013888888889,0.9807291666666667,0.5826388888888889,0.9916666666666667,0.6611111111111111
demanda_150,priority,1013,242,81,73,161,8,167.24629707316484,260.91092820777874,260.66344185957735,167,0.9583333333333334,0.8656672891870572,144134.0,0.4810141999623738,207.85098916546565,0.5777777777777777,203.15114868257967,0.6,326.06520067693947,0.03571428571428571,0.33784722222222224,0.9677083333333333,0.5680555555555555,0.990625,0.6604166666666667
demanda_150,priority,1014,245,83,75,162,8,158.18138280627156,254.03234527066994,260.56393204919254,167,0.9604166666666667,0.867229270924046,155877.0,0.4705571999656968,216.21437431089853,0.4909090909090909,198.47408801912883,0.5862068965517241,321.15425579175246,0.04854368932038835,0.3380208333333333,0.9703125,0.5965277777777778,0.9921875,0.6614583333333334
demanda_150,priority,1015,250,79,71,171,8,151.2080687160299,245.51363258975906,240.50260268078765,173,0.9604166666666667,0.8708738752768274,131470.0,0.45917450002161786,192.65167316409196,0.5319148936170213,161.09369857297116,0.6410256410256411,318.0677681602855,0.032,0.3392361111111111,0.9739583333333334,0.41180555555555554,0.9958333333333333,0.6638888888888889
demanda_150,priority,1016,242,80,72,162,8,158.43841939384237,271.5093678241859,265.7040279463474,168,0.9375,0.866187967208467,155883.0,0.5059061999781989,207.5229399454497,0.5098039215686274,206.64515536278705,0.5604395604395604,363.1688793822143,0.03,0.34375,0.9510416666666667,0.69375,0.9911458333333333,0.6607638888888889
demanda_150,priority,1017,217,79,72,138,7,140.9511263942118,250.79780622093782,224.89484209913496,144,0.9395833333333333,0.8693118949713036,108032.0,0.43129019998013973,138.92003615813817,0.7714285714285715,180.289036155496,0.5853658536585366,347.77221719657996,0.04,0.3390625,0.9713541666666666,0.4965277777777778,0.9942708333333333,0.6628472222222223
demanda_150,priority,1018,210,83,75,127,8,148.98655923447458,245.5140443653238,231.19551557872313,134,0.9666666666666667,0.866708616844596,112966.0,0.36079379997681826,172.32140298293353,0.6428571428571429,177.0057419671237,0.6666666666666666,328.91705176876957,0.08333333333333333,0.3342013888888889,0.9807291666666667,0.7680555555555556,0.9916666666666667,0.6611111111111111
demanda_150,priority,1019,246,79,71,167,8,164.59638232503116,269.52052202889206,269.65163687556395,168,0.9458333333333333,0.871134207487076,155335.0,0.48468039999715984,216.5465797038511,0.5306122448979592,208.7492992856269,0.5632183908045977,341.18251796153817,0.03636363636363636,0.34322916666666664,0.9625,0.39791666666666664,0.99609375,0.6640625
demanda_150,priority,1020,251,83,76,168,7,157.15765528109452,267.23772204389235,267.60795099931113,177,0.9729166666666667,0.871654871907574,158246.0,0.4856373999500647,229.99765646933474,0.5283018867924528,188.5934788897668,0.6419753086419753,338.55316794932594,0.02564102564102564,0.33576388888888886,0.9859375,0.5145833333333333,0.9966145833333333,0.6644097222222223
demanda_150,priority,1021,238,85,77,153,8,159.9773229931967,261.06850841535777,259.08185119000046,165,0.96875,0.8700928829647371,151662.0,0.46631789999082685,221.5769302370686,0.4909090909090909,178.71783169877332,0.6790123456790124,347.75911247270324,0.029411764705882353,0.33611111111111114,0.9817708333333334,0.6138888888888889,0.9950520833333333,0.6633680555555556
demanda_150,priority,1022,236,83,75,153,8,157.05675000692318,263.1493043867996,247.7763373726664,163,0.95625,0.867489591288584,130162.0,0.4614716000505723,137.51698888885613,0.8,230.62720075460052,0.5208333333333334,334.76123763555313,0.047619047619047616,0.3402777777777778,0.9640625,0.7715277777777778,0.9924479166666667,0.6616319444444444
demanda_150,priority,1023,221,80,72,141,8,164.29523461663862,252.17814767939,251.41808806134813,145,0.9666666666666667,0.8664482874709311,135386.0,0.42805139999836683,214.6847569165212,0.52,172.96650655226577,0.6578947368421053,335.280824140494,0.042105263157894736,0.3347222222222222,0.9786458333333333,0.6361111111111111,0.99140625,0.6609375
demanda_150,priority,1024,222,80,72,142,8,158.73396776937392,251.57857893478229,242.86157746403333,145,0.9520833333333333,0.8641053403514056,126190.0,0.4130713000195101,187.84892613634443,0.5869565217391305,185.14357394283172,0.6756756756756757,328.5173475439243,0.029411764705882353,0.3347222222222222,0.9739583333333334,0.6736111111111112,0.9890625,0.659375
demanda_150,priority,1025,227,77,69,150,8,151.33849985222773,261.07328032588526,251.81149505406367,159,0.9666666666666667,0.867489588327783,130071.0,0.44260419998317957,202.2428677088599,0.6585365853658537,183.04077498655298,0.6049382716049383,344.2416598476372,0.009523809523809525,0.3328125,0.9864583333333333,0.7104166666666667,0.9924479166666667,0.6616319444444444
demanda_150,priority,1026,264,77,69,187,8,179.1851979659362,271.793055725357,286.3811639149875,190,0.9666666666666667,0.8667086377768497,196879.0,0.5394210999947973,243.72878863221902,0.352112676056338,214.3638770328187,0.5494505494505495,342.56382263353134,0.0196078431372549,0.3333333333333333,0.9833333333333333,0.5111111111111111,0.9916666666666667,0.6611111111111111
demanda_150,priority,1027,210,84,76,126,8,147.2808701698518,241.21822326130336,228.59474151929845,136,0.9625,0.8651466680621271,114198.0,0.37429969996446744,180.94799821596533,0.6222222222222222,164.94892778664794,0.7428571428571429,325.9657054746306,0.042105263157894736,0.33541666666666664,0.9739583333333334,0.53125,0.9901041666666667,0.6600694444444445
demanda_150,priority,1028,222,81,73,141,8,154.75813094442768,252.76732527106498,257.17749730351505,148,0.9666666666666667,0.8674896106124133,134019.0,0.4175565000041388,231.58277344248935,0.5869565217391305,173.19030757601382,0.6944444444444444,317.2291969841242,0.038461538461538464,0.33489583333333334,0.9802083333333333,0.8777777777777778,0.9924479166666667,0.6616319444444444
demanda_150,priority,1029,231,80,72,151,8,155.64464419673317,251.2265195880325,253.4241133215368,156,0.91875,0.8648863483127104,133999.0,0.4323959000175819,216.20170656273845,0.5434782608695652,177.08276470129096,0.6666666666666666,316.42581973047925,0.045454545454545456,0.3416666666666667,0.9546875,0.6180555555555556,0.98984375,0.6598958333333333
demanda_150,tuned,1000,209,74,66,135,8,158.1452523300405,256.7897607392438,243.36930865912032,143,0.9458333333333333,0.8620227637861161,117447.0,0.41229570005089045,138.94503702880525,0.7058823529411765,224.74292917249687,0.5333333333333333,337.85958952938654,0.023529411764705882,0.33663194444444444,0.9640625,0.6041666666666666,0.9869791666666666,0.6579861111111112
demanda_150,tuned,1001,217,82,74,135,8,157.24639964329887,243.42534075518034,249.19245965441644,137,0.9583333333333334,0.8669689462931469,131703.0,0.3886623000144027,229.83817564434582,0.56,155.1212868233585,0.7142857142857143,314.15360911362626,0.041237113402061855,0.3342013888888889,0.98125,0.49583333333333335,0.9919270833333333,0.6612847222222222
demanda_150,tuned,1002,228,78,70,150,8,159.29633417299743,255.0141665379933,241.9310313699897,152,0.94375,0.8680102693350855,124257.0,0.4400719999684952,185.90862484239324,0.6666666666666666,175.42762703613215,0.5813953488372093,347.6312395796288,0.019417475728155338,0.340625,0.9640625,0.7291666666666666,0.99296875,0.6619791666666667
demanda_150,tuned,1003,225,80,72,145,8,170.795784054614,254.92268516155318,262.5425181625037,150,0.9354166666666667,0.8690515642167814,149344.0,0.4430218000197783,222.2084408098544,0.5098039215686274,202.54054174284138,0.6022727272727273,327.92332565903314,0.011627906976744186,0.3472222222222222,0.9463541666666667,0.6576388888888889,0.9940104166666667,0.6626736111111111
demanda_150,tuned,1004,220,81,74,139,7,143.85584909711582,237.91918740450797,229.75901639455512,139,0.9645833333333333,0.8659276318107082,113200.0,0.38635100005194545,188.28582213734208,0.627906976744186,153.94930850732518,0.7313432835820896,308.4666109735932,0.045454545454545456,0.3350694444444444,0.9765625,0.5486111111111112,0.9908854166666666,0.6605902777777778
demanda_150,tuned,1005,233,80,73,153,7,162.23820867535068,259.8480079709273,256.26753986614915,158,0.9541666666666667,0.8669689311867432,138096.0,0.4613291000132449,207.45216844062867,0.5306122448979592,190.10920839318592,0.6901408450704225,326.38651157273506,0.04424778761061947,0.34131944444444445,0.9598958333333333,0.8111111111111111,0.9919270833333333,0.6612847222222222
demanda_150,tuned,1006,243,79,71,164,8,161.31639779054262,267.74774485088165,269.2403981296995,169,0.9604166666666667,0.866187962971026,158458.0,0.4895566999912262,239.11857637546663,0.44642857142857145,169.60004900272432,0.6582278481012658,354.38572083817485,0.018518518518518517,0.3362847222222222,0.9734375,0.5569444444444445,0.9911458333333333,0.6607638888888889
demanda_150,tuned,1007,224,82,74,142,8,161.57250962214758,239.98957276349432,245.62290995052388,142,0.95625,0.8607211644090724,131146.0,0.41952540003694594,184.23185531841736,0.6046511627906976,211.62815592717675,0.5555555555555556,294.3863789767568,0.06593406593406594,0.33541666666666664,0.9651041666666667,0.8215277777777777,0.9856770833333334,0.6571180555555556
demanda_150,tuned,1008,235,83,75,152,8,166.8395609633954,257.0997882438879,248.72299880839688,156,0.95,0.8669689356283622,133588.0,0.45046810002531856,193.3147681946112,0.6744186046511628,192.2424208844422,0.6144578313253012,331.64948872969427,0.027522935779816515,0.3362847222222222,0.975,0.7347222222222223,0.9919270833333333,0.6612847222222222
demanda_150,tuned,1009,237,80,72,157,8,158.66197155290547,266.841561506917,261.94555818457263,164,0.9541666666666667,0.8693118979074294,144479.0,0.46956640004646033,197.78300893675384,0.5555555555555556,213.07326389355902,0.5977011494252874,340.9889592023407,0.02857142857142857,0.3368055555555556,0.978125,0.7597222222222222,0.9942708333333333,0.6628472222222223
demanda_150,tuned,1010,237,80,72,157,8,165.51111032939914,263.7934071298226,274.79184477415174,164,0.95,0.8641053917099738,160737.0,0.45421999995596707,237.0196864433541,0.4727272727272727,206.11266738325904,0.6049382716049383,324.6319671023712,0.04950495049504951,0.3394097222222222,0.9598958333333333,0.7708333333333334,0.9890625,0.659375
demanda_150,tuned,1011,229,82,74,147,8,165.0442397736841,268.0132903835371,256.1408249167227,162,0.9375,0.8672292709491387,135708.0,0.45258059998741373,187.49294091247117,0.6666666666666666,209.25919188885766,0.6043956043956044,353.73972060967236,0.010101010101010102,0.34131944444444445,0.9604166666666667,0.8333333333333334,0.9921875,0.6614583333333334
demanda_150,tuned,1012,229,79,71,150,8,143.97015241824587,244.1801174367633,234.03806639271986,151,0.9416666666666667,0.8667086315268897,127988.0,0.4288490999606438,184.43385659636618,0.5094339622641509,158.78526846669124,0.6621621621621622,337.1778688909435,0.029411764705882353,0.3342013888888889,0.9807291666666667,0.5826388888888889,0.9916666666666667,0.6611111111111111
demanda_150,tuned,1013,242,81,73,161,8,167.24629707316484,260.91092820777874,260.66344185957735,167,0.9583333333333334,0.8656672891870572,144134.0,0.4745262000360526,207.85098916546565,0.5777777777777777,203.15114868257967,0.6,326.06520067693947,0.03571428571428571,0.33784722222222224,0.9677083333333333,0.5680555555555555,0.990625,0.6604166666666667
demanda_150,tuned,1014,245,83,75,162,8,158.18138280627156,254.03234527066994,260.56393204919254,167,0.9604166666666667,0.867229270924046,155877.0,0.47009040002012625,216.21437431089853,0.4909090909090909,198.47408801912883,0.5862068965517241,321.15425579175246,0.04854368932038835,0.3380208333333333,0.9703125,0.5965277777777778,0.9921875,0.6614583333333334
demanda_150,tuned,1015,250,79,71,171,8,151.2080687160299,245.51363258975906,240.50260268078765,173,0.9604166666666667,0.8708738752768274,131470.0,0.4640520000248216,192.65167316409196,0.5319148936170213,161.09369857297116,0.6410256410256411,318.0677681602855,0.032,0.3392361111111111,0.9739583333333334,0.41180555555555554,0.9958333333333333,0.6638888888888889
demanda_150,tuned,1016,242,80,72,162,8,158.43841939384237,271.5093678241859,265.7040279463474,168,0.9375,0.866187967208467,155883.0,0.4844569000415504,207.5229399454497,0.5098039215686274,206.64515536278705,0.5604395604395604,363.1688793822143,0.03,0.34375,0.9510416666666667,0.69375,0.9911458333333333,0.6607638888888889
demanda_150,tuned,1017,217,79,72,138,7,140.9511263942118,250.79780622093782,224.89484209913496,144,0.9395833333333333,0.8693118949713036,108032.0,0.40316589997382835,138.92003615813817,0.7714285714285715,180.289036155496,0.5853658536585366,347.77221719657996,0.04,0.3390625,0.9713541666666666,0.4965277777777778,0.9942708333333333,0.6628472222222223
demanda_150,tuned,1018,210,83,75,127,8,148.98655923447458,245.5140443653238,231.19551557872313,134,0.9666666666666667,0.866708616844596,112966.0,0.38426500000059605,172.32140298293353,0.6428571428571429,177.0057419671237,0.6666666666666666,328.91705176876957,0.08333333333333333,0.3342013888888889,0.9807291666666667,0.7680555555555556,0.9916666666666667,0.6611111111111111
demanda_150,tuned,1019,246,79,71,167,8,164.59638232503116,269.52052202889206,269.65163687556395,168,0.9458333333333333,0.871134207487076,155335.0,0.5130225999746472,216.5465797038511,0.5306122448979592,208.7492992856269,0.5632183908045977,341.18251796153817,0.03636363636363636,0.34322916666666664,0.9625,0.39791666666666664,0.99609375,0.6640625
demanda_150,tuned,1020,251,83,76,168,7,157.15765528109452,267.23772204389235,267.60795099931113,177,0.9729166666666667,0.871654871907574,158246.0,0.4766723000211641,229.99765646933474,0.5283018867924528,188.5934788897668,0.6419753086419753,338.55316794932594,0.02564102564102564,0.33576388888888886,0.9859375,0.5145833333333333,0.9966145833333333,0.6644097222222223
demanda_150,tuned,1021,238,85,77,153,8,159.9773229931967,261.06850841535777,259.08185119000046,165,0.96875,0.8700928829647371,151662.0,0.4606912999879569,221.5769302370686,0.4909090909090909,178.71783169877332,0.6790123456790124,347.75911247270324,0.029411764705882353,0.33611111111111114,0.9817708333333334,0.6138888888888889,0.9950520833333333,0.6633680555555556
demanda_150,tuned,1022,236,83,75,153,8,157.05675000692318,263.1493043867996,247.7763373726664,163,0.95625,0.867489591288584,130162.0,0.4308310999767855,137.51698888885613,0.8,230.62720075460052,0.5208333333333334,334.76123763555313,0.047619047619047616,0.3402777777777778,0.9640625,0.7715277777777778,0.9924479166666667,0.6616319444444444
demanda_150,tuned,1023,221,80,72,141,8,164.29523461663862,252.17814767939,251.41808806134813,145,0.9666666666666667,0.8664482874709311,135386.0,0.3949309000163339,214.6847569165212,0.52,172.96650655226577,0.6578947368421053,335.280824140494,0.042105263157894736,0.3347222222222222,0.9786458333333333,0.6361111111111111,0.99140625,0.6609375
demanda_150,tuned,1024,222,80,72,142,8,158.73396776937392,251.57857893478229,242.86157746403333,145,0.9520833333333333,0.8641053403514056,126190.0,0.4174160999828018,187.84892613634443,0.5869565217391305,185.14357394283172,0.6756756756756757,328.5173475439243,0.029411764705882353,0.3347222222222222,0.9739583333333334,0.6736111111111112,0.9890625,0.659375
demanda_150,tuned,1025,227,77,69,150,8,151.33849985222773,261.07328032588526,251.81149505406367,159,0.9666666666666667,0.867489588327783,130071.0,0.4065093999961391,202.2428677088599,0.6585365853658537,183.04077498655298,0.6049382716049383,344.2416598476372,0.009523809523809525,0.3328125,0.9864583333333333,0.7104166666666667,0.9924479166666667,0.6616319444444444
demanda_150,tuned,1026,264,77,69,187,8,179.1851979659362,271.793055725357,286.3811639149875,190,0.9666666666666667,0.8667086377768497,196879.0,0.5335077000199817,243.72878863221902,0.352112676056338,214.3638770328187,0.5494505494505495,342.56382263353134,0.0196078431372549,0.3333333333333333,0.9833333333333333,0.5111111111111111,0.9916666666666667,0.6611111111111111
demanda_150,tuned,1027,210,84,76,126,8,147.2808701698518,241.21822326130336,228.59474151929845,136,0.9625,0.8651466680621271,114198.0,0.38791690004291013,180.94799821596533,0.6222222222222222,164.94892778664794,0.7428571428571429,325.9657054746306,0.042105263157894736,0.33541666666666664,0.9739583333333334,0.53125,0.9901041666666667,0.6600694444444445
demanda_150,tuned,1028,222,81,73,141,8,154.75813094442768,252.76732527106498,257.17749730351505,148,0.9666666666666667,0.8674896106124133,134019.0,0.420125900011044,231.58277344248935,0.5869565217391305,173.19030757601382,0.6944444444444444,317.2291969841242,0.038461538461538464,0.33489583333333334,0.9802083333333333,0.8777777777777778,0.9924479166666667,0.6616319444444444
demanda_150,tuned,1029,231,80,72,151,8,155.64464419673317,251.2265195880325,253.4241133215368,156,0.91875,0.8648863483127104,133999.0,0.4260257999994792,216.20170656273845,0.5434782608695652,177.08276470129096,0.6666666666666666,316.42581973047925,0.045454545454545456,0.3416666666666667,0.9546875,0.6180555555555556,0.98984375,0.6598958333333333
demanda_200,fifo,1000,292,103,95,189,8,192.0515377751496,251.7018567779802,290.1373678372874,197,0.15416666666666667,0.8646260048714463,192862.0,0.5541079000104219,243.02326432303292,0.27450980392156865,253.37098900155314,0.41228070175438597,253.6886846654999,0.33070866141732286,0.4652777777777778,0.5833333333333334,0.2826388888888889,0.9895833333333334,0.6597222222222222
demanda_200,fifo,1001,289,104,96,185,8,201.28088885954142,251.78351891441122,289.8362689022742,189,0.8166666666666667,0.8687912422961418,196196.0,0.5331841000006534,246.1518965058068,0.43548387096774194,255.31691508182945,0.34408602150537637,251.93691253951246,0.3358208955223881,0.3564236111111111,0.9182291666666667,0.4534722222222222,0.99375,0.6625
demanda_200,fifo,1002,303,104,98,199,6,186.0092361617478,261.77339247478767,304.82720914257294,204,0.28541666666666665,0.869311903829449,207530.0,0.566814300022088,276.7175289719748,0.3584905660377358,251.2561713950613,0.33636363636363636,264.3795002206376,0.34285714285714286,0.4201388888888889,0.728125,0.5055555555555555,0.9942708333333333,0.6628472222222223
demanda_200,fifo,1003,301,97,89,204,8,180.06232205768242,260.07193938223185,309.27575801092013,205,0.47708333333333336,0.8703532137192587,221377.0,0.5651470000157133,285.1449155985731,0.3442622950819672,254.54718297939326,0.3963963963963964,252.96958598314862,0.24806201550387597,0.40225694444444443,0.7838541666666666,0.49166666666666664,0.9953125,0.6635416666666667
demanda_200,fifo,1004,303,106,99,197,7,180.8280772125254,244.9314723266182,280.5576660563678,199,0.5791666666666667,0.8677499191312404,186104.0,0.5225464999675751,225.6330564833848,0.4,259.11650077735044,0.38372093023255816,244.5365201217203,0.31210191082802546,0.3762152777777778,0.8567708333333334,0.48541666666666666,0.9927083333333333,0.6618055555555555
demanda_200,fifo,1005,310,102,94,208,8,185.15947957245433,262.35508174000967,306.6121862450493,215,0.6333333333333333,0.8687912334379958,217771.0,0.5746583999716677,276.7948593398247,0.3709677419354839,252.7660166271381,0.32673267326732675,262.8532406870266,0.3129251700680272,0.3845486111111111,0.8338541666666667,0.7305555555555555,0.99375,0.6625
demanda_200,fifo,1006,323,101,94,222,7,187.36719993476962,269.1687707665943,312.55353534090636,226,0.8125,0.8680102529962895,240635.0,0.6297676999820396,277.3248109428186,0.3150684931506849,254.53316689285253,0.28846153846153844,275.51611234196946,0.3287671232876712,0.35555555555555557,0.9192708333333334,0.5104166666666666,0.99296875,0.6619791666666667
demanda_200,fifo,1007,291,103,95,188,8,186.69228698022678,255.18297952870023,292.7340768533168,196,0.3229166666666667,0.8641053573266073,202381.0,0.5438454999821261,254.00280318467773,0.3684210526315789,248.42337914104064,0.39823008849557523,262.0516150279963,0.30578512396694213,0.40381944444444445,0.7666666666666667,0.6708333333333333,0.9890625,0.659375
demanda_200,fifo,1008,324,113,105,211,8,203.78478559148652,254.76133323411975,292.054420898119,215,0.4625,0.8687912334379958,210511.0,0.5921880000387318,249.14899290837698,0.39285714285714285,248.48018462804913,0.3389830508474576,261.797777192506,0.34,0.41770833333333335,0.734375,0.5701388888888889,0.99375,0.6625
demanda_200,fifo,1009,348,108,100,240,8,187.92656791622878,260.08022631656667,296.9760096141181,245,0.4583333333333333,0.8703532151749859,229389.0,0.6019565999740735,238.53755441241972,0.3114754098360656,266.2698553103818,0.328,263.41602484697444,0.2962962962962963,0.4152777777777778,0.7447916666666666,0.5888888888888889,0.9953125,0.6635416666666667
demanda_200,fifo,1010,303,103,95,200,8,182.34426805954737,259.29062164380747,308.1940943157163,207,0.5541666666666667,0.8661879745104853,228364.0,0.533164799970109,276.7115628574209,0.2676056338028169,257.47157395573237,0.4158415841584158,251.2512093562429,0.32061068702290074,0.4013888888888889,0.778125,0.6305555555555555,0.9911458333333333,0.6607638888888889
demanda_200,fifo,1011,324,110,102,214,8,201.58179872918157,256.26806905270706,287.70225855937895,218,0.3625,0.8687912363987972,205873.0,0.507529400056228,223.22672625646155,0.44,259.40826038972904,0.3230769230769231,264.9058625665919,0.3194444444444444,0.40381944444444445,0.7760416666666666,0.675,0.99375,0.6625
demanda_200,fifo,1012,308,109,101,199,8,176.69103182033038,252.68918873757522,298.0598406389572,206,0.39791666666666664,0.8682705864878655,215882.0,0.4747417999897152,263.6340495867329,0.3188405797101449,250.32857063181547,0.37894736842105264,249.00212846990365,0.3541666666666667,0.4029513888888889,0.7776041666666667,0.4388888888888889,0.9932291666666667,0.6621527777777778
demanda_200,fifo,1013,323,103,95,220,8,190.99131820754042,264.4465519121358,300.2762476837423,223,0.3145833333333333,0.867489585490358,221966.0,0.5526917999959551,255.68425786228946,0.32786885245901637,252.21448969131518,0.3418803418803419,278.0027672009402,0.296551724137931,0.4076388888888889,0.7619791666666667,0.5041666666666667,0.9924479166666667,0.6616319444444444
demanda_200,fifo,1014,332,103,95,229,8,178.9328702313175,260.63868619871164,304.0799132098823,232,0.5395833333333333,0.8687912422472077,254706.0,0.5356967999832705,259.8187138615354,0.27058823529411763,259.8544537936148,0.3482142857142857,261.80558751745843,0.3037037037037037,0.38958333333333334,0.81875,0.5326388888888889,0.99375,0.6625
demanda_200,fifo,1015,322,104,97,218,7,174.78079228600902,252.3035012827633,292.9225368126959,219,0.5479166666666667,0.8716548690446437,205040.0,0.5129708000458777,242.25160537261578,0.35,263.0276841221977,0.3469387755102041,249.57267101656987,0.29878048780487804,0.38524305555555555,0.8375,0.39791666666666664,0.9966145833333333,0.6644097222222223
demanda_200,fifo,1016,331,116,109,215,7,187.97136151827567,257.7967040951768,307.2239546374148,220,0.44375,0.8680102572886013,236618.0,0.5839092999813147,268.2463855719024,0.29411764705882354,267.8115361053573,0.30973451327433627,245.51500837805847,0.4066666666666667,0.4239583333333333,0.7140625,0.6090277777777777,0.99296875,0.6619791666666667
demanda_200,fifo,1017,286,114,106,172,8,188.06147823437828,247.8126336445402,285.7184986904007,185,0.17708333333333334,0.8703532137192587,183224.0,0.4499131999909878,247.01363705413667,0.37735849056603776,241.2178136736967,0.3469387755102041,252.91366458108877,0.4444444444444444,0.42465277777777777,0.7166666666666667,0.3298611111111111,0.9953125,0.6635416666666667
demanda_200,fifo,1018,296,110,102,186,8,179.85084409402108,243.32644257576004,286.4910263979597,188,0.48333333333333334,0.8682705807385749,192550.0,0.5038742000469938,236.6932421524499,0.36666666666666664,265.406197062981,0.3617021276595745,231.5130278123786,0.38028169014084506,0.4015625,0.7817708333333333,0.5833333333333334,0.9932291666666667,0.6621527777777778
demanda_200,fifo,1019,312,107,99,205,8,191.3836098016621,269.5692787200492,317.55269169864005,215,0.5958333333333333,0.8719152026863582,222728.0,0.615973700012546,285.01012510294794,0.35714285714285715,274.32465232879815,0.3148148148148148,260.25665880662206,0.3581081081081081,0.39861111111111114,0.7979166666666667,0.3159722222222222,0.996875,0.6645833333333333
demanda_200,fifo,1020,339,110,102,229,8,177.6413177084572,259.37635517197407,306.7087825516856,229,0.53125,0.8719152026863582,235040.0,0.6449948999797925,297.9004743346579,0.3333333333333333,227.557553611372,0.3389830508474576,267.77888097515114,0.310126582278481,0.41805555555555557,0.7395833333333334,0.3236111111111111,0.996875,0.6645833333333333
demanda_200,fifo,1021,320,112,104,208,8,200.17431346119446,263.5370438279565,307.9677055935064,220,0.5708333333333333,0.871134207487076,240283.0,0.639821499993559,271.85989038949515,0.3013698630136986,259.86390702277953,0.34545454545454546,262.0514763066218,0.3795620437956204,0.39131944444444444,0.8182291666666667,0.4444444444444444,0.99609375,0.6640625
demanda_200,fifo,1022,335,124,116,211,8,202.8673900961997,251.27651273254565,294.89582038538776,219,0.16666666666666666,0.8690515642167814,218838.0,0.5854490000056103,252.56084666479003,0.2413793103448276,257.6858638965355,0.4166666666666667,245.90317828828478,0.3821656050955414,0.5118055555555555,0.45260416666666664,0.33125,0.9940104166666667,0.6626736111111111
demanda_200,fifo,1023,294,103,95,191,8,186.2681245231671,253.0156423116648,297.3904427481162,196,0.6458333333333334,0.8687912407417154,212703.0,0.5073203999781981,255.6691460922835,0.3333333333333333,257.69676251637617,0.336734693877551,247.96177191068526,0.3700787401574803,0.3776041666666667,0.8546875,0.5673611111111111,0.99375,0.6625
demanda_200,fifo,1024,295,107,99,188,8,190.74023240436176,260.3667906970394,295.1093839906105,201,0.44375,0.8664482785124119,199899.0,0.47881430003326386,255.1759984124966,0.36666666666666664,246.94665080659823,0.37894736842105264,271.6979394589285,0.35,0.3970486111111111,0.7916666666666666,0.4875,0.99140625,0.6609375
demanda_200,fifo,1025,299,111,103,188,8,192.71168437939727,249.7862935770753,289.1052438743867,193,0.2625,0.8693118935155764,200484.0,0.50715780002065,240.0336375972894,0.3220338983050847,258.883234484853,0.3644859813084112,246.7940682062118,0.39849624060150374,0.4296875,0.6994791666666667,0.5888888888888889,0.9942708333333333,0.6628472222222223
demanda_200,fifo,1026,338,97,89,241,8,206.8095235867282,282.8800494858861,329.00919848493686,247,0.7083333333333334,0.8682705895477848,284380.0,0.6144668000051752,289.76087963226144,0.26744186046511625,276.4811192897641,0.3333333333333333,284.04244534038975,0.25925925925925924,0.3706597222222222,0.8744791666666667,0.4673611111111111,0.9932291666666667,0.6621527777777778
demanda_200,fifo,1027,273,116,108,157,8,188.17466670121172,247.81600105236134,287.04187001392927,178,0.46041666666666664,0.8672292724295373,179218.0,0.4006711999536492,247.45498413743894,0.3584905660377358,254.83960069402798,0.46153846153846156,243.00969352599876,0.4263565891472868,0.43211805555555555,0.6880208333333333,0.38333333333333336,0.9921875,0.6614583333333334
demanda_200,fifo,1028,310,100,92,210,8,185.6768736290352,257.88138209616784,292.6036559445324,216,0.7208333333333333,0.869051570064773,206627.0,0.4608535000006668,243.69654253346522,0.4,252.21131443197723,0.3177570093457944,268.0757010740038,0.2937062937062937,0.3559027777777778,0.9203125,0.8402777777777778,0.9940104166666667,0.6626736111111111
demanda_200,fifo,1029,311,105,97,206,8,196.21759545790513,257.27138285215017,299.2013933706468,210,0.50625,0.8672292740103109,200727.0,0.5374515000148676,270.4779583427978,0.4423076923076923,248.8500520887507,0.35294117647058826,258.3684135040806,0.2929936305732484,0.38524305555555555,0.8286458333333333,0.5236111111111111,0.9921875,0.6614583333333334
demanda_200,priority,1000,292,76,68,216,8,176.5924237322466,273.1333636272953,281.1167226759971,218,0.9458333333333333,0.8646260048714463,186951.0,0.5777974000084214,200.415421185778,0.5098039215686274,247.65169075593911,0.42105263157894735,325.20836970487,0.015748031496062992,0.3376736111111111,0.9661458333333334,0.5555555555555556,0.9895833333333334,0.6597222222222222
demanda_200,priority,1001,289,82,74,207,8,175.36402052504593,266.2402663192555,280.80442176851625,208,0.9604166666666667,0.8687912422961418,190126.0,0.5508278999477625,243.7970577961294,0.45161290322580644,204.14487207107678,0.5376344086021505,319.7204946290647,0.029850746268656716,0.3345486111111111,0.9838541666666667,0.4979166666666667,0.99375,0.6625
demanda_200,priority,1002,303,78,70,225,8,173.12289165538908,283.02751788732894,294.55055939638004,225,0.9416666666666667,0.869311903829449,200752.0,0.5877216000226326,246.5288497266918,0.49056603773584906,227.53798957687948,0.45454545454545453,340.44378593492337,0.014285714285714285,0.34131944444444445,0.9645833333333333,0.7305555555555555,0.9942708333333333,0.6628472222222223
demanda_200,priority,1003,301,80,72,221,8,181.6624630409605,278.1616403789096,300.28300438773175,223,0.9354166666666667,0.8703532137192587,215371.0,0.6706753000034951,262.21048936906493,0.4262295081967213,234.47511090732118,0.4774774774774775,323.2951673784974,0.007751937984496124,0.34739583333333335,0.9484375,0.6590277777777778,0.9953125,0.6635416666666667
demanda_200,priority,1004,303,81,74,222,7,163.55042256494505,265.40011919130467,269.1021821854,223,0.96875,0.8677499191312404,178666.0,0.6267652999958955,210.96638981671813,0.45,205.39557054479232,0.5813953488372093,319.071551968854,0.025477707006369428,0.33368055555555554,0.984375,0.5506944444444445,0.9927083333333333,0.6618055555555555
demanda_200,priority,1005,310,81,73,229,8,177.70528226128954,280.651855933558,296.30075072193495,231,0.95625,0.8687912334379958,210495.0,0.7051089000306092,256.50453675917953,0.43548387096774194,219.80562058753412,0.48514851485148514,332.6423563332851,0.034013605442176874,0.3420138888888889,0.9614583333333333,0.8125,0.99375,0.6625
demanda_200,priority,1006,323,79,71,244,8,174.14402066001628,286.66103082851384,304.06581212662064,245,0.9604166666666667,0.8680102529962895,234530.0,0.7202448999742046,267.94124929898294,0.3424657534246575,214.48508996977563,0.5,347.43392056114754,0.0136986301369863,0.3368055555555556,0.9755208333333333,0.5604166666666667,0.99296875,0.6619791666666667
demanda_200,priority,1007,291,81,73,210,8,172.72678383501224,271.7156255768102,287.29268034458863,212,0.9604166666666667,0.8641053573266073,198377.0,0.6205972000025213,231.38876809695842,0.45614035087719296,237.93665347732383,0.4424778761061947,322.2582265982442,0.04132231404958678,0.3350694444444444,0.9729166666666667,0.8236111111111111,0.9890625,0.659375
demanda_200,priority,1008,324,83,75,241,8,179.67888119340358,273.3755307649839,280.8246589933571,242,0.9520833333333333,0.8687912334379958,202698.0,0.6534362999955192,219.61327862266268,0.5178571428571429,224.86154056025254,0.4322033898305085,331.6111105258393,0.02,0.3362847222222222,0.9786458333333333,0.7173611111111111,0.99375,0.6625
demanda_200,priority,1009,348,80,72,268,8,170.1183536646791,279.13769758093446,288.00590994634405,268,0.9541666666666667,0.8703532151749859,221829.0,0.7258180000353605,214.5047675271738,0.4098360655737705,238.8218553103818,0.416,334.5826915136411,0.018518518518518517,0.3371527777777778,0.9791666666666666,0.7611111111111111,0.9953125,0.6635416666666667
demanda_200,priority,1010,303,80,72,223,8,177.61770774704934,280.5018427659197,300.4871175715303,226,0.9625,0.8661879745104853,222696.0,0.5197441999916919,256.24677412502655,0.36619718309859156,233.56068286662344,0.48514851485148514,329.8389956157849,0.03816793893129771,0.33836805555555555,0.9671875,0.7756944444444445,0.9911458333333333,0.6607638888888889
demanda_200,priority,1011,324,82,74,242,8,177.69195508799334,272.9902912749293,280.2562153939113,244,0.9375,0.8687912363987972,200443.0,0.6004869000171311,204.62672625646155,0.52,235.56979885126748,0.4230769230769231,330.5100292332586,0.006944444444444444,0.3420138888888889,0.9614583333333333,0.8451388888888889,0.99375,0.6625
demanda_200,priority,1012,308,78,70,230,8,161.53193048658528,277.9619160103025,288.29590232341747,233,0.94375,0.8682705864878655,208371.0,0.5460058999597095,237.27173074615317,0.391304347826087,217.69699168444706,0.5052631578947369,337.2174062476814,0.020833333333333332,0.3347222222222222,0.9822916666666667,0.5840277777777778,0.9932291666666667,0.6621527777777778
demanda_200,priority,1013,323,81,74,242,7,180.8629768748592,281.91404417219775,289.98506438907873,242,0.95625,0.867489585490358,214715.0,0.6177561999647878,228.0940939278632,0.4262295081967213,233.07773755456304,0.4444444444444444,343.9613878905954,0.020689655172413793,0.3390625,0.9677083333333333,0.5680555555555555,0.9924479166666667,0.6616319444444444
demanda_200,priority,1014,332,83,75,249,8,171.77157927337836,276.6898910179887,296.2705350243573,252,0.9625,0.8687912422472077,248365.0,0.6066619000048377,246.5481256262413,0.3176470588235294,232.93481093647193,0.45535714285714285,331.9685504804214,0.037037037037037035,0.33836805555555555,0.9723958333333333,0.5972222222222222,0.99375,0.6625
demanda_200,priority,1015,322,79,71,243,8,166.48661942624804,274.92772488524776,283.9433192087839,243,0.9604166666666667,0.8716548690446437,198835.0,0.6003714999533258,225.91827203928244,0.4166666666666667,219.2011535099528,0.5102040816326531,326.1580368702284,0.024390243902439025,0.3394097222222222,0.975,0.41388888888888886,0.9966145833333333,0.6644097222222223
demanda_200,priority,1016,331,80,72,251,8,171.49131454538178,284.24987630061486,298.3343225303914,254,0.9375,0.8680102572886013,229904.0,0.674947899999097,240.83462086602003,0.38235294117647056,240.5991467248263,0.45132743362831856,336.81500837805845,0.02,0.34427083333333336,0.953125,0.6944444444444444,0.99296875,0.6619791666666667
demanda_200,priority,1017,286,81,73,205,8,166.11998838850246,274.78466161656814,271.6328226529174,209,0.9604166666666667,0.8703532137192587,174682.0,0.6031207999913022,204.90042950696687,0.5283018867924528,215.2178136736967,0.5,345.4618127292369,0.02962962962962963,0.33784722222222224,0.9770833333333333,0.5041666666666667,0.9953125,0.6635416666666667
demanda_200,priority,1018,296,82,74,214,8,166.59787210470188,268.1102263595438,275.8966386428576,215,0.9729166666666667,0.8682705807385749,185624.0,0.5726567999809049,219.02657548578324,0.45,217.73598429702358,0.5212765957446809,322.1961264039279,0.04225352112676056,0.33315972222222223,0.9869791666666666,0.7763888888888889,0.9932291666666667,0.6621527777777778
demanda_200,priority,1019,312,81,73,231,8,183.45854737138504,292.1558171815877,305.8843748669569,234,0.9416666666666667,0.8719152026863582,214980.0,0.6652441999758594,259.2779822458051,0.4642857142857143,239.18576343990924,0.48148148148148145,343.2499020498653,0.02027027027027027,0.3458333333333333,0.95625,0.39652777777777776,0.996875,0.6645833333333333
demanda_200,priority,1020,339,84,76,255,8,173.33861816590985,280.9574761159269,295.39080502359576,254,0.9729166666666667,0.8719152026863582,226887.0,0.6900216999929398,261.69412512830866,0.4603174603174603,210.33721462832114,0.4406779661016949,341.38014679793594,0.0189873417721519,0.33576388888888886,0.9864583333333333,0.5145833333333333,0.996875,0.6645833333333333
demanda_200,priority,1021,320,83,75,237,8,169.35327410445169,280.0464188279565,298.14892106311964,237,0.96875,0.871134207487076,232357.0,0.6567004999960773,257.92838354018005,0.3698630136986301,222.93663429550682,0.4818181818181818,337.6865128029721,0.021897810218978103,0.33645833333333336,0.9828125,0.6145833333333334,0.99609375,0.6640625
demanda_200,priority,1022,335,81,73,254,8,170.21562399145077,276.246661986277,286.24495333336466,254,0.9583333333333334,0.8690515642167814,211775.0,0.6908768000430427,201.94015700961762,0.4482758620689655,254.56919722986885,0.4166666666666667,320.2662356131255,0.03184713375796178,0.3407986111111111,0.965625,0.7013888888888888,0.9940104166666667,0.6626736111111111
demanda_200,priority,1023,294,80,72,214,8,177.0252025245355,274.3217647606444,287.53415532296646,219,0.9479166666666666,0.8687912407417154,206033.0,0.6072282000095583,238.85755188938498,0.37681159420289856,221.29880333270268,0.5102040816326531,334.50507899729945,0.031496062992125984,0.33871527777777777,0.9713541666666666,0.6298611111111111,0.99375,0.6625
demanda_200,priority,1024,295,80,72,215,8,172.25360082703043,280.5091635783953,285.40492539188443,215,0.9541666666666667,0.8664482785124119,193301.0,0.6213027999619953,231.60933174582993,0.45,218.1571771223877,0.5263157894736842,343.7765108874999,0.02142857142857143,0.3355902777777778,0.9760416666666667,0.6763888888888889,0.99140625,0.6609375
demanda_200,priority,1025,299,77,69,222,8,166.0363424216383,273.67258120249335,278.3032636763669,221,0.96875,0.8693118935155764,192416.0,0.5708047000225633,215.25397658034026,0.4576271186440678,221.96734663438573,0.45794392523364486,341.1850456498208,0.007518796992481203,0.33350694444444445,0.9880208333333333,0.7118055555555556,0.9942708333333333,0.6628472222222223
demanda_200,priority,1026,338,77,70,261,7,188.32071665627032,293.9362625036376,324.4004160498071,261,0.9666666666666667,0.8682705895477848,280542.0,0.6980924000381492,278.12134474854054,0.29069767441860467,265.4982133068581,0.42735042735042733,328.6572601552046,0.014814814814814815,0.3338541666666667,0.9848958333333333,0.5131944444444444,0.9932291666666667,0.6621527777777778
demanda_200,priority,1027,273,83,75,190,8,163.20969219499693,273.14567138203165,276.1835366805959,194,0.9625,0.8672292724295373,172420.0,0.5436132000177167,223.92668225064648,0.5094339622641509,213.7516886061159,0.5714285714285714,335.2655074794871,0.031007751937984496,0.33611111111111114,0.9760416666666667,0.5548611111111111,0.9921875,0.6614583333333334
demanda_200,priority,1028,310,81,73,229,8,168.8420250521229,271.3233175800388,282.96773361443536,232,0.9666666666666667,0.869051570064773,200127.0,0.6383325000060722,234.77987586679856,0.45,214.86552003945388,0.4672897196261682,328.90087589917863,0.027972027972027972,0.33541666666666664,0.9817708333333334,0.8791666666666667,0.9940104166666667,0.6626736111111111
demanda_200,priority,1029,311,81,73,230,8,174.1826727952187,272.329260665655,290.6439740158081,231,0.9520833333333333,0.8672292740103109,194875.0,0.6074222999741323,248.5741121889517,0.5,225.12456189267226,0.49019607843137253,310.8652287907048,0.03184713375796178,0.3390625,0.9671875,0.6194444444444445,0.9921875,0.6614583333333334
demanda_200,tuned,1000,292,76,68,216,8,176.5924237322466,273.1333636272953,281.1167226759971,218,0.9458333333333333,0.8646260048714463,186951.0,0.5974971000105143,200.415421185778,0.5098039215686274,247.65169075593911,0.42105263157894735,325.20836970487,0.015748031496062992,0.3376736111111111,0.9661458333333334,0.5555555555555556,0.9895833333333334,0.6597222222222222
demanda_200,tuned,1001,289,82,74,207,8,175.36402052504593,266.2402663192555,280.80442176851625,208,0.9604166666666667,0.8687912422961418,190126.0,0.5863761999644339,243.7970577961294,0.45161290322580644,204.14487207107678,0.5376344086021505,319.7204946290647,0.029850746268656716,0.3345486111111111,0.9838541666666667,0.4979166666666667,0.99375,0.6625
demanda_200,tuned,1002,303,78,70,225,8,173.12289165538908,283.02751788732894,294.55055939638004,225,0.9416666666666667,0.869311903829449,200752.0,0.630077000008896,246.5288497266918,0.49056603773584906,227.53798957687948,0.45454545454545453,340.44378593492337,0.014285714285714285,0.34131944444444445,0.9645833333333333,0.7305555555555555,0.9942708333333333,0.6628472222222223
demanda_200,tuned,1003,301,80,72,221,8,181.6624630409605,278.1616403789096,300.28300438773175,223,0.9354166666666667,0.8703532137192587,215371.0,0.647810099995695,262.21048936906493,0.4262295081967213,234.47511090732118,0.4774774774774775,323.2951673784974,0.007751937984496124,0.34739583333333335,0.9484375,0.6590277777777778,0.9953125,0.6635416666666667
demanda_200,tuned,1004,303,81,74,222,7,163.55042256494505,265.40011919130467,269.1021821854,223,0.96875,0.8677499191312404,178666.0,0.6025608000345528,210.96638981671813,0.45,205.39557054479232,0.5813953488372093,319.071551968854,0.025477707006369428,0.33368055555555554,0.984375,0.5506944444444445,0.9927083333333333,0.6618055555555555
demanda_200,tuned,1005,310,81,73,229,8,177.70528226128954,280.651855933558,296.30075072193495,231,0.95625,0.8687912334379958,210495.0,0.6508799999719486,256.50453675917953,0.43548387096774194,219.80562058753412,0.48514851485148514,332.6423563332851,0.034013605442176874,0.3420138888888889,0.9614583333333333,0.8125,0.99375,0.6625
demanda_200,tuned,1006,323,79,71,244,8,174.14402066001628,286.66103082851384,304.06581212662064,245,0.9604166666666667,0.8680102529962895,234530.0,0.6909735999652185,267.94124929898294,0.3424657534246575,214.48508996977563,0.5,347.43392056114754,0.0136986301369863,0.3368055555555556,0.9755208333333333,0.5604166666666667,0.99296875,0.6619791666666667
demanda_200,tuned,1007,291,81,73,210,8,172.72678383501224,271.7156255768102,287.29268034458863,212,0.9604166666666667,0.8641053573266073,198377.0,0.607731900003273,231.38876809695842,0.45614035087719296,237.93665347732383,0.4424778761061947,322.2582265982442,0.04132231404958678,0.3350694444444444,0.9729166666666667,0.8236111111111111,0.9890625,0.659375
demanda_200,tuned,1008,324,83,75,241,8,179.67888119340358,273.3755307649839,280.8246589933571,242,0.9520833333333333,0.8687912334379958,202698.0,0.644141299999319,219.61327862266268,0.5178571428571429,224.86154056025254,0.4322033898305085,331.6111105258393,0.02,0.3362847222222222,0.9786458333333333,0.7173611111111111,0.99375,0.6625
demanda_200,tuned,1009,348,80,72,268,8,170.1183536646791,279.13769758093446,288.00590994634405,268,0.9541666666666667,0.8703532151749859,221829.0,0.7170910999993794,214.5047675271738,0.4098360655737705,238.8218553103818,0.416,334.5826915136411,0.018518518518518517,0.3371527777777778,0.9791666666666666,0.7611111111111111,0.9953125,0.6635416666666667
demanda_200,tuned,1010,303,80,72,223,8,177.61770774704934,280.5018427659197,300.4871175715303,226,0.9625,0.8661879745104853,222696.0,0.6505344999604858,256.24677412502655,0.36619718309859156,233.56068286662344,0.48514851485148514,329.8389956157849,0.03816793893129771,0.33836805555555555,0.9671875,0.7756944444444445,0.9911458333333333,0.6607638888888889
demanda_200,tuned,1011,324,82,74,242,8,177.69195508799334,272.9902912749293,280.2562153939113,244,0.9375,0.8687912363987972,200443.0,0.6793398000299931,204.62672625646155,0.52,235.56979885126748,0.4230769230769231,330.5100292332586,0.006944444444444444,0.3420138888888889,0.9614583333333333,0.8451388888888889,0.99375,0.6625
demanda_200,tuned,1012,308,78,70,230,8,161.53193048658528,277.9619160103025,288.29590232341747,233,0.94375,0.8682705864878655,208371.0,0.6660400999826379,237.27173074615317,0.391304347826087,217.69699168444706,0.5052631578947369,337.2174062476814,0.020833333333333332,0.3347222222222222,0.9822916666666667,0.5840277777777778,0.9932291666666667,0.6621527777777778
demanda_200,tuned,1013,323,81,74,242,7,180.8629768748592,281.91404417219775,289.98506438907873,242,0.95625,0.867489585490358,214715.0,0.6832901000161655,228.0940939278632,0.4262295081967213,233.07773755456304,0.4444444444444444,343.9613878905954,0.020689655172413793,0.3390625,0.9677083333333333,0.5680555555555555,0.9924479166666667,0.6616319444444444
demanda_200,tuned,1014,332,83,75,249,8,171.77157927337836,276.6898910179887,296.2705350243573,252,0.9625,0.8687912422472077,248365.0,0.6296105000074022,246.5481256262413,0.3176470588235294,232.93481093647193,0.45535714285714285,331.9685504804214,0.037037037037037035,0.33836805555555555,0.9723958333333333,0.5972222222222222,0.99375,0.6625
demanda_200,tuned,1015,322,79,71,243,8,166.48661942624804,274.92772488524776,283.9433192087839,243,0.9604166666666667,0.8716548690446437,198835.0,0.661261499975808,225.91827203928244,0.4166666666666667,219.2011535099528,0.5102040816326531,326.1580368702284,0.024390243902439025,0.3394097222222222,0.975,0.41388888888888886,0.9966145833333333,0.6644097222222223
demanda_200,tuned,1016,331,80,72,251,8,171.49131454538178,284.24987630061486,298.3343225303914,254,0.9375,0.8680102572886013,229904.0,0.6872215999756008,240.83462086602003,0.38235294117647056,240.5991467248263,0.45132743362831856,336.81500837805845,0.02,0.34427083333333336,0.953125,0.6944444444444444,0.99296875,0.6619791666666667
demanda_200,tuned,1017,286,81,73,205,8,166.11998838850246,274.78466161656814,271.6328226529174,209,0.9604166666666667,0.8703532137192587,174682.0,0.5652241000207141,204.90042950696687,0.5283018867924528,215.2178136736967,0.5,345.4618127292369,0.02962962962962963,0.33784722222222224,0.9770833333333333,0.5041666666666667,0.9953125,0.6635416666666667
demanda_200,tuned,1018,296,82,74,214,8,166.59787210470188,268.1102263595438,275.8966386428576,215,0.9729166666666667,0.8682705807385749,185624.0,0.5995697999605909,219.02657548578324,0.45,217.73598429702358,0.5212765957446809,322.1961264039279,0.04225352112676056,0.33315972222222223,0.9869791666666666,0.7763888888888889,0.9932291666666667,0.6621527777777778
demanda_200,tuned,1019,312,81,73,231,8,183.45854737138504,292.1558171815877,305.8843748669569,234,0.9416666666666667,0.8719152026863582,214980.0,0.6922090000007302,259.2779822458051,0.4642857142857143,239.18576343990924,0.48148148148148145,343.2499020498653,0.02027027027027027,0.3458333333333333,0.95625,0.39652777777777776,0.996875,0.6645833333333333
demanda_200,tuned,1020,339,84,76,255,8,173.33861816590985,280.9574761159269,295.39080502359576,254,0.9729166666666667,0.8719152026863582,226887.0,0.6923287999816239,261.69412512830866,0.4603174603174603,210.33721462832114,0.4406779661016949,341.38014679793594,0.0189873417721519,0.33576388888888886,0.9864583333333333,0.5145833333333333,0.996875,0.6645833333333333
demanda_200,tuned,1021,320,83,75,237,8,169.35327410445169,280.0464188279565,298.14892106311964,237,0.96875,0.871134207487076,232357.0,0.6821771999821067,257.92838354018005,0.3698630136986301,222.93663429550682,0.4818181818181818,337.6865128029721,0.021897810218978103,0.33645833333333336,0.9828125,0.6145833333333334,0.99609375,0.6640625
demanda_200,tuned,1022,335,81,73,254,8,170.21562399145077,276.246661986277,286.24495333336466,254,0.9583333333333334,0.8690515642167814,211775.0,0.7091386999818496,201.94015700961762,0.4482758620689655,254.56919722986885,0.4166666666666667,320.2662356131255,0.03184713375796178,0.3407986111111111,0.965625,0.7013888888888888,0.9940104166666667,0.6626736111111111
demanda_200,tuned,1023,294,80,72,214,8,177.0252025245355,274.3217647606444,287.53415532296646,219,0.9479166666666666,0.8687912407417154,206033.0,0.5798992000054568,238.85755188938498,0.37681159420289856,221.29880333270268,0.5102040816326531,334.50507899729945,0.031496062992125984,0.33871527777777777,0.9713541666666666,0.6298611111111111,0.99375,0.6625
demanda_200,tuned,1024,295,80,72,215,8,172.25360082703043,280.5091635783953,285.40492539188443,215,0.9541666666666667,0.8664482785124119,193301.0,0.6073485999950208,231.60933174582993,0.45,218.1571771223877,0.5263157894736842,343.7765108874999,0.02142857142857143,0.3355902777777778,0.9760416666666667,0.6763888888888889,0.99140625,0.6609375
demanda_200,tuned,1025,299,77,69,222,8,166.0363424216383,273.67258120249335,278.3032636763669,221,0.96875,0.8693118935155764,192416.0,0.5995387999573722,215.25397658034026,0.4576271186440678,221.96734663438573,0.45794392523364486,341.1850456498208,0.007518796992481203,0.33350694444444445,0.9880208333333333,0.7118055555555556,0.9942708333333333,0.6628472222222223
demanda_200,tuned,1026,338,77,70,261,7,188.32071665627032,293.9362625036376,324.4004160498071,261,0.9666666666666667,0.8682705895477848,280542.0,0.7262721000006422,278.12134474854054,0.29069767441860467,265.4982133068581,0.42735042735042733,328.6572601552046,0.014814814814814815,0.3338541666666667,0.9848958333333333,0.5131944444444444,0.9932291666666667,0.6621527777777778
demanda_200,tuned,1027,273,83,75,190,8,163.20969219499693,273.14567138203165,276.1835366805959,194,0.9625,0.8672292724295373,172420.0,0.5468295000027865,223.92668225064648,0.5094339622641509,213.7516886061159,0.5714285714285714,335.2655074794871,0.031007751937984496,0.33611111111111114,0.9760416666666667,0.5548611111111111,0.9921875,0.6614583333333334
demanda_200,tuned,1028,310,81,73,229,8,168.8420250521229,271.3233175800388,282.96773361443536,232,0.9666666666666667,0.869051570064773,200127.0,0.6216419000411406,234.77987586679856,0.45,214.86552003945388,0.4672897196261682,328.90087589917863,0.027972027972027972,0.33541666666666664,0.9817708333333334,0.8791666666666667,0.9940104166666667,0.6626736111111111
demanda_200,tuned,1029,311,81,73,230,8,174.1826727952187,272.329260665655,290.6439740158081,231,0.9520833333333333,0.8672292740103109,194875.0,0.6215708000236191,248.5741121889517,0.5,225.12456189267226,0.49019607843137253,310.8652287907048,0.03184713375796178,0.3390625,0.9671875,0.6194444444444445,0.9921875,0.6614583333333334
personal_reducido,fifo,1000,148,75,69,73,6,171.9517785746457,215.5720654500008,242.9325182988622,86,0.06458333333333334,0.8587253985556972,83698.0,0.21132719999877736,197.7953351760558,0.52,216.51581125110246,0.5238095238095238,221.9881033063211,0.48333333333333334,0.32447916666666665,0.5020833333333333,0.1909722222222222,0.9836805555555556,0.655787037037037
personal_reducido,fifo,1001,135,74,68,61,6,199.19655102614544,229.72010106075294,251.6709140257967,83,0.4395833333333333,0.867055711281801,90161.0,0.20552859996678308,212.22444947434096,0.575,228.0581121416352,0.5135135135135135,242.84630198254317,0.5517241379310345,0.23194444444444445,0.7921875,0.3701388888888889,0.9920138888888889,0.6613425925925925
personal_reducido,fifo,1002,156,77,71,79,6,167.3639947327113,221.89424130170832,251.15576991544185,94,0.03333333333333333,0.8687912358890182,90135.0,0.2303669999819249,221.5489126092605,0.45161290322580644,209.7230380154471,0.5882352941176471,230.4271677485355,0.44594594594594594,0.31319444444444444,0.5510416666666667,0.4465277777777778,0.99375,0.6625
personal_reducido,fifo,1003,148,76,71,72,5,177.9119881853027,224.6788119823219,268.14158674661525,86,0.08958333333333333,0.8677499285330338,103333.0,0.2211618999717757,249.5391986537255,0.42857142857142855,225.6662357412858,0.559322033898305,207.4867465142108,0.5185185185185185,0.31927083333333334,0.53125,0.3368055555555556,0.9927083333333333,0.6618055555555555
personal_reducido,fifo,1004,142,80,74,62,6,165.30444364442397,199.18099188233904,229.33105365966733,76,0.19583333333333333,0.8639318095677776,75084.0,0.18534820002969354,192.2845652773589,0.6206896551724138,216.97934443029624,0.5454545454545454,190.7298159321116,0.5507246376811594,0.27100694444444445,0.6703125,0.3013888888888889,0.9888888888888889,0.6592592592592592
personal_reducido,fifo,1005,154,73,67,81,6,164.57937502097644,227.3995867576286,256.3220159024304,97,0.44583333333333336,0.86427890314838,94931.0,0.22443000000203028,209.05020866366004,0.5294117647058824,241.12849942096406,0.43137254901960786,226.29385211074205,0.4782608695652174,0.2526041666666667,0.7260416666666667,0.5993055555555555,0.9892361111111111,0.6594907407407408
personal_reducido,fifo,1006,168,71,65,97,6,173.352316408095,240.83247472652658,269.4013514446466,110,0.49375,0.8653201962137989,107110.0,0.26289779995568097,242.1621325972705,0.5405405405405406,212.2746858235767,0.4423076923076923,259.0072555079933,0.35443037974683544,0.23697916666666666,0.7744791666666667,0.4618055555555556,0.9902777777777778,0.6601851851851852
personal_reducido,fifo,1007,149,77,71,72,6,168.9410195681818,222.1460523316277,252.66811392452686,93,0.11666666666666667,0.8594195300436449,93637.0,0.20459119998849928,220.65933528111321,0.5862068965517241,221.3531914678881,0.5230769230769231,223.86697506995478,0.4727272727272727,0.29270833333333335,0.5984375,0.5548611111111111,0.984375,0.65625
personal_reducido,fifo,1008,158,80,74,78,6,188.2718715371691,239.67376459021338,264.5771352101273,104,0.11875,0.8653202083609429,97758.0,0.23960420000366867,231.05249875527036,0.5862068965517241,229.19614248513307,0.5,251.75431094666413,0.4788732394366197,0.28541666666666665,0.6291666666666667,0.5375,0.9902777777777778,0.6601851851851852
personal_reducido,fifo,1009,171,82,76,89,6,175.40298302864494,226.97873367759297,262.24518384747324,103,0.14583333333333334,0.8687912358890182,105161.0,0.22543799999402836,220.44638365261096,0.53125,237.2328430158633,0.4090909090909091,220.57139099914892,0.5205479452054794,0.2833333333333333,0.640625,0.5305555555555556,0.99375,0.6625
personal_reducido,fifo,1010,167,77,71,90,6,163.79831490543776,226.4579764689035,266.9914608656666,105,0.2708333333333333,0.8621963894242978,108096.0,0.22418069996638224,231.5835722503953,0.43243243243243246,238.53931679743079,0.4827586206896552,214.09179892765658,0.4583333333333333,0.2800347222222222,0.640625,0.575,0.9871527777777778,0.6581018518518519
personal_reducido,fifo,1011,154,77,71,77,6,177.86196997491444,226.3789292403068,252.96845503319992,96,0.12291666666666666,0.867055713056591,91143.0,0.217193300020881,223.23314561235932,0.5714285714285714,213.62718631305776,0.5254237288135594,238.9227318416534,0.44776119402985076,0.30086805555555557,0.5854166666666667,0.5569444444444445,0.9920138888888889,0.6613425925925925
personal_reducido,fifo,1012,146,83,77,63,6,155.34666802351455,190.84559437221216,230.99220928591885,81,0.09375,0.8656673503742375,80600.0,0.18390599999111146,211.97194147723067,0.45714285714285713,184.3637516571003,0.6046511627906976,184.0705515497734,0.6029411764705882,0.3079861111111111,0.5619791666666667,0.21944444444444444,0.990625,0.6604166666666667
personal_reducido,fifo,1013,155,79,73,76,6,183.96893641492954,225.3343643471811,255.87939189837542,93,0.05,0.8632375717975616,96082.0,0.2251098999986425,226.25127417835043,0.46875,217.0429962573334,0.5344827586206896,232.2814141104695,0.5076923076923077,0.3112847222222222,0.5484375,0.38819444444444445,0.9881944444444445,0.6587962962962963
personal_reducido,fifo,1014,165,78,72,87,6,162.28372863623045,207.99018707406879,240.49716448932134,96,0.175,0.8667086232858728,96470.0,0.21210020000580698,193.06900629946838,0.43243243243243246,222.31266897798363,0.5,203.47158081561764,0.47058823529411764,0.29618055555555556,0.5989583333333334,0.34097222222222223,0.9916666666666667,0.6611111111111111
personal_reducido,fifo,1015,151,81,75,70,6,168.67950680331515,214.65042992932226,251.3678580943448,86,0.09583333333333334,0.870526768526092,86926.0,0.2227600000333041,217.25248188212836,0.5333333333333333,230.55158814383296,0.4583333333333333,203.12553742410725,0.589041095890411,0.2800347222222222,0.653125,0.3590277777777778,0.9954861111111111,0.6636574074074074
personal_reducido,fifo,1016,181,89,83,92,6,177.40596897621162,219.01160066020174,249.90108929839062,109,0.18125,0.8656673200471771,102980.0,0.23013070004526526,218.78107823130327,0.37142857142857144,203.90914881655564,0.4838709677419355,230.25469946160064,0.5476190476190477,0.3338541666666667,0.484375,0.39444444444444443,0.990625,0.6604166666666667
personal_reducido,fifo,1017,138,84,78,54,6,169.22121095963928,196.08665737843003,219.88115581675768,74,0.0375,0.8684441359483974,66198.0,0.13654929999029264,197.26392980404637,0.5833333333333334,186.28244041216936,0.7142857142857143,201.41335980020997,0.5555555555555556,0.31475694444444446,0.5458333333333333,0.2548611111111111,0.9934027777777777,0.6622685185185185
personal_reducido,fifo,1018,154,85,79,69,6,175.53275454942764,204.2796991838214,235.36661589065983,85,0.23541666666666666,0.8660144057680846,82413.0,0.15638050000416115,179.05477164897658,0.5161290322580645,248.93811621314947,0.5319148936170213,186.951109094371,0.5789473684210527,0.29635416666666664,0.5973958333333333,0.5756944444444444,0.9909722222222223,0.6606481481481481
personal_reducido,fifo,1019,177,80,74,97,6,176.32715017566574,241.45804927283643,275.8260366905584,112,0.17291666666666666,0.8712209839361817,108341.0,0.21861589996842667,246.30927282833315,0.5,229.24388075619794,0.3968253968253968,248.88609581906644,0.47619047619047616,0.3090277777777778,0.5671875,0.2722222222222222,0.9961805555555555,0.6641203703703704
personal_reducido,fifo,1020,171,84,78,87,6,162.52874449345825,212.53549021368303,253.86435492757528,97,0.2375,0.8715680935498477,103849.0,0.17743229999905452,239.78701089670236,0.4,190.23651523767302,0.6153846153846154,213.41505820648993,0.45569620253164556,0.3154513888888889,0.5484375,0.18472222222222223,0.9965277777777778,0.6643518518518519
personal_reducido,fifo,1021,172,80,74,92,6,180.54511719323554,221.9954571829304,248.03846518173145,104,0.3541666666666667,0.8698325531483501,102406.0,0.19512859999667853,201.84393967260363,0.48717948717948717,216.37751561340136,0.43103448275862066,236.8187877687361,0.48,0.27274305555555556,0.6739583333333333,0.34305555555555556,0.9947916666666666,0.6631944444444444
personal_reducido,fifo,1022,171,89,83,82,6,183.31353718350755,220.99016091059352,243.8530086171077,101,0.03125,0.8660144098167516,88214.0,0.19314200000371784,181.909206174209,0.5,228.50498791959117,0.5671641791044776,225.3351315764181,0.4878048780487805,0.36440972222222223,0.3932291666666667,0.29097222222222224,0.9909722222222223,0.6606481481481481
personal_reducido,fifo,1023,146,77,72,69,5,180.55071450611118,225.19731154144895,257.5195729771972,88,0.28541666666666665,0.8656673221905983,89508.0,0.16471219999948516,238.3794486072463,0.5483870967741935,206.95467138304744,0.4791666666666667,232.1674679379199,0.5522388059701493,0.2796875,0.646875,0.4305555555555556,0.990625,0.6604166666666667
personal_reducido,fifo,1024,162,79,73,83,6,173.75040181556636,211.76276926408875,236.83833661321478,93,0.1375,0.8618491933209265,85592.0,0.17367190000368282,196.22308927374525,0.5161290322580645,206.6187802227852,0.5686274509803921,221.06368827417788,0.425,0.3015625,0.5755208333333334,0.3527777777777778,0.9868055555555556,0.6578703703703703
personal_reducido,fifo,1025,152,81,76,71,5,171.5564463350213,207.98159346569332,230.02996499587294,86,0.1,0.8663615094244633,83530.0,0.1565859999973327,180.44820070150178,0.48484848484848486,210.9011308558592,0.49056603773584906,219.40381285265585,0.5909090909090909,0.3020833333333333,0.5807291666666666,0.425,0.9913194444444444,0.6608796296296297
personal_reducido,fifo,1026,178,66,60,112,6,182.4858274950217,252.38557080262672,286.490834503293,116,0.24375,0.8670557451850889,129162.0,0.23465009999927133,263.1054825038709,0.3953488372093023,214.9415084924801,0.47692307692307695,280.56996861699855,0.2571428571428571,0.27291666666666664,0.6692708333333334,0.3375,0.9920138888888889,0.6613425925925925
personal_reducido,fifo,1027,143,86,80,57,6,171.58288853012675,187.580280936718,210.97036387502962,77,0.23125,0.8642789257145044,69131.0,0.1706036999821663,169.21940655593963,0.6428571428571429,204.55640610167265,0.6086956521739131,183.71365376387567,0.5797101449275363,0.28107638888888886,0.640625,0.3715277777777778,0.9892361111111111,0.6594907407407408
personal_reducido,fifo,1028,161,72,66,89,6,179.66541861900086,225.9780619168769,254.68120320688712,104,0.4041666666666667,0.867402828791492,98598.0,0.17333550000330433,214.78037623902577,0.6111111111111112,228.5596128406053,0.4230769230769231,229.66129529179153,0.3835616438356164,0.23645833333333333,0.7791666666666667,0.6881944444444444,0.9923611111111111,0.6615740740740741
personal_reducido,fifo,1029,146,74,68,72,6,167.62959564411494,215.1786447346324,247.409812322549,88,0.22291666666666668,0.8649730905813225,84300.0,0.15827000001445413,221.3867008376531,0.5517241379310345,209.80082865400627,0.56,216.50487125767282,0.44776119402985076,0.28489583333333335,0.6302083333333334,0.41041666666666665,0.9899305555555555,0.6599537037037037
personal_reducido,priority,1000,148,51,45,97,6,128.67275345057888,253.39638977432514,229.58665363720806,104,0.9083333333333333,0.8587253985556972,79033.0,0.18821219995152205,92.07533517605582,0.96,239.9443826796739,0.4126984126984127,334.7381033063211,0.016666666666666666,0.17881944444444445,0.9390625,0.5319444444444444,0.9836805555555556,0.655787037037037
personal_reducido,priority,1001,135,56,50,79,6,161.16363645308348,249.03861957927148,238.9789824854544,87,0.9520833333333333,0.867055711281801,85690.0,0.1857142000226304,190.849449474341,0.675,190.1662202497433,0.6756756756756757,326.7256123273708,0.06896551724137931,0.17447916666666666,0.9645833333333333,0.5152777777777777,0.9920138888888889,0.6613425925925925
personal_reducido,priority,1002,156,55,49,101,6,151.38054171008218,258.48398489145194,234.41969243360165,107,0.94375,0.8687912358890182,84363.0,0.24668330000713468,131.80697712538955,0.8387096774193549,233.54656742721178,0.5294117647058824,328.7379785593463,0.02702702702702703,0.17604166666666668,0.9625,0.6729166666666667,0.99375,0.6625
personal_reducido,priority,1003,148,55,49,93,6,159.37167429713844,260.99637954988947,250.5769608962751,97,0.9229166666666667,0.8677499285330338,96787.0,0.1950259999721311,172.7677700822969,0.7714285714285715,238.49674421586207,0.4745762711864407,342.7645242919886,0.0,0.18454861111111112,0.9354166666666667,0.6361111111111111,0.9927083333333333,0.6618055555555555
personal_reducido,priority,1004,142,56,50,86,6,136.5884567505598,239.17394962881792,210.565720326334,90,0.9520833333333333,0.8639318095677776,68767.0,0.20225189998745918,119.25008251873822,0.896551724137931,201.0020717030235,0.5909090909090909,313.91822172921303,0.057971014492753624,0.17274305555555555,0.9651041666666667,0.4791666666666667,0.9888888888888889,0.6592592592592592
personal_reducido,priority,1005,154,55,49,99,6,154.30263830101725,261.1853010433429,240.67178116064636,109,0.9,0.86427890314838,88984.0,0.2671703000087291,157.22667925189535,0.7352941176470589,218.18732295037583,0.5294117647058824,344.1924028353797,0.043478260869565216,0.18888888888888888,0.9171875,0.7708333333333334,0.9892361111111111,0.6594907407407408
personal_reducido,priority,1006,168,54,48,114,6,167.12086900050605,268.1122366312885,259.1650275934431,122,0.9458333333333333,0.8653201962137989,103092.0,0.29014609998557717,200.45942989456782,0.6756756756756757,203.75545505434593,0.5384615384615384,342.15915424217053,0.012658227848101266,0.17395833333333333,0.9635416666666666,0.5451388888888888,0.9902777777777778,0.6601851851851852
personal_reducido,priority,1007,149,57,51,92,6,142.2882954865606,250.64940803632567,244.4016044905646,102,0.9270833333333334,0.8594195300436449,90372.0,0.22793140000430867,141.90071459145804,0.896551724137931,251.41472992942656,0.38461538461538464,307.0851568881366,0.10909090909090909,0.17465277777777777,0.9526041666666667,0.8375,0.984375,0.65625
personal_reducido,priority,1008,158,57,52,101,5,160.56044968772622,271.002878514264,247.53656241776454,114,0.9291666666666667,0.8653202083609429,91698.0,0.266754700045567,141.46629185871862,0.9310344827586207,246.26510800237446,0.46551724137931033,344.12050812976275,0.04225352112676056,0.17430555555555555,0.9625,0.6625,0.9902777777777778,0.6601851851851852
personal_reducido,priority,1009,171,56,50,115,6,152.64133094669185,265.00797344367487,247.3099786638879,116,0.9395833333333333,0.8687912358890182,99206.0,0.2921481000375934,140.88388365261096,0.8125,239.29344907646936,0.42424242424242425,342.6672814101078,0.0273972602739726,0.17378472222222222,0.9692708333333333,0.7854166666666667,0.99375,0.6625
personal_reducido,priority,1010,167,55,49,112,6,147.63916227816355,262.24240760662803,255.88034975455554,118,0.9229166666666667,0.8621963894242978,103256.0,0.22625939996214584,171.52951819634123,0.6486486486486487,241.07379955605148,0.4482758620689655,325.911243372101,0.06944444444444445,0.18055555555555555,0.9390625,0.7493055555555556,0.9871527777777778,0.6581018518518519
personal_reducido,priority,1011,154,56,50,98,6,158.24420362107185,258.0282798896575,240.2014647419378,105,0.9270833333333334,0.867055713056591,87023.0,0.20281789998989552,152.0188598980736,0.9285714285714286,221.89837275373574,0.5084745762711864,334.14661243866834,0.0,0.17864583333333334,0.9520833333333333,0.8069444444444445,0.9920138888888889,0.6613425925925925
personal_reducido,priority,1012,146,55,49,91,6,132.99449355631245,239.50997793385602,207.50326579697537,96,0.9041666666666667,0.8656673503742375,72540.0,0.1758826000150293,123.77194147723068,0.7714285714285715,187.50328654082122,0.6046511627906976,331.9676103733028,0.029411764705882353,0.1734375,0.965625,0.4979166666666667,0.990625,0.6604166666666667
personal_reducido,priority,1013,155,53,47,102,6,153.76660347509974,261.45694499234236,241.5290438705332,104,0.925,0.8632375717975616,90197.0,0.20563209999818355,136.00127417835043,0.8125,242.52575487802306,0.43103448275862066,340.11218334123873,0.03076923076923077,0.17569444444444443,0.9552083333333333,0.6215277777777778,0.9881944444444445,0.6587962962962963
personal_reducido,priority,1014,165,58,52,107,6,138.35106329398343,236.8083688922506,226.44184534038516,110,0.9166666666666666,0.8667086232858728,90704.0,0.20006619999185205,137.47441170487377,0.7027027027027027,220.34600231131697,0.45,305.3833455215,0.07352941176470588,0.18038194444444444,0.9463541666666667,0.5972222222222222,0.9916666666666667,0.6611111111111111
personal_reducido,priority,1015,151,54,48,97,6,142.8989434786078,258.89546304190503,235.83133416487377,102,0.9291666666666667,0.870526768526092,81658.0,0.20892930001718923,150.15248188212837,0.8333333333333334,210.92658814383296,0.5416666666666666,335.1255374241072,0.0410958904109589,0.1795138888888889,0.9546875,0.42777777777777776,0.9954861111111111,0.6636574074074074
personal_reducido,priority,1016,181,56,50,125,6,145.69939461789505,260.44806474859956,236.46775596505728,127,0.8625,0.8656673200471771,97012.0,0.2549783000140451,136.66679251701757,0.7142857142857143,211.18334236494272,0.46774193548387094,348.38565184255305,0.023809523809523808,0.18541666666666667,0.9296875,0.6416666666666667,0.990625,0.6604166666666667
personal_reducido,priority,1017,138,56,51,82,5,130.07289757958262,243.56491824799525,197.88700376997406,88,0.75,0.8684441359483974,59456.0,0.18223080004099756,72.51392980404637,0.9583333333333334,206.2348213645503,0.6904761904761905,322.3578042446544,0.05555555555555555,0.19791666666666666,0.8963541666666667,0.3763888888888889,0.9934027777777777,0.6622685185185185
personal_reducido,priority,1018,154,56,50,98,6,134.3098678035431,245.37710178122398,218.77852656063502,100,0.9645833333333333,0.8660144057680846,76328.0,0.19342210004106164,118.99025551994433,0.8709677419354839,215.91683961740478,0.5106382978723404,315.1484775154236,0.06578947368421052,0.16961805555555556,0.9776041666666667,0.8006944444444445,0.9909722222222223,0.6606481481481481
personal_reducido,priority,1019,177,53,47,124,6,159.37761238726966,279.6840379734014,260.6913788539138,129,0.9395833333333333,0.8712209839361817,102565.0,0.269480700022541,153.2426061616665,0.8333333333333334,240.4978490101662,0.3968253968253968,354.2313339143045,0.03571428571428571,0.1798611111111111,0.9546875,0.34097222222222223,0.9961805555555555,0.6641203703703704
personal_reducido,priority,1020,171,58,52,113,6,155.40513450569415,254.956542845262,238.20330229599634,118,0.9395833333333333,0.8715680935498477,97670.0,0.2881889999844134,159.26201089670235,0.675,215.92882292998073,0.5576923076923077,329.09860251028744,0.02531645569620253,0.17604166666666668,0.9666666666666667,0.5472222222222223,0.9965277777777778,0.6643518518518519
personal_reducido,priority,1021,172,58,52,114,6,154.4725040551002,248.84429439223274,234.32417946744573,118,0.94375,0.8698325531483501,97102.0,0.22077479999279603,150.25419608286003,0.6923076923076923,217.56717078581516,0.4827586206896552,324.2987877687361,0.04,0.17586805555555557,0.9645833333333333,0.54375,0.9947916666666666,0.6631944444444444
personal_reducido,priority,1022,171,60,54,111,6,140.76921065733666,260.34688605679236,226.60481584602337,114,0.58125,0.8660144098167516,81896.0,0.22928400000091642,41.18193344693628,1.0,246.65424165093444,0.5223880597014925,330.33513157641806,0.036585365853658534,0.23229166666666667,0.7895833333333333,0.60625,0.9909722222222223,0.6606481481481481
personal_reducido,priority,1023,146,54,48,92,6,155.35624362986997,262.60142113049005,238.72612209558505,103,0.9270833333333334,0.8656673221905983,83007.0,0.2574651999748312,158.63751312337533,0.8387096774193549,211.10050471638078,0.5208333333333334,347.60030375881547,0.04477611940298507,0.17673611111111112,0.9557291666666666,0.6506944444444445,0.990625,0.6604166666666667
personal_reducido,priority,1024,162,54,48,108,6,140.7253216476608,244.3615346961875,222.2392912671527,108,0.9395833333333333,0.8618491933209265,80015.0,0.21229340002173558,112.35212153180977,0.8387096774193549,227.6187802227852,0.49019607843137253,306.1886882741779,0.0375,0.1736111111111111,0.959375,0.6159722222222223,0.9868055555555556,0.6578703703703703
personal_reducido,priority,1025,152,53,47,99,6,134.58631448915375,247.85001451832488,212.3420217334616,103,0.95,0.8663615094244633,76528.0,0.19415570003911853,106.26638251968362,0.7878787878787878,203.14641387472713,0.49056603773584906,354.5401764890195,0.015151515151515152,0.17048611111111112,0.9755208333333333,0.6861111111111111,0.9913194444444444,0.6608796296296297
personal_reducido,priority,1026,178,53,47,125,6,180.86997298175004,271.47545844307615,280.05106394879965,128,0.9479166666666666,0.8670557451850889,126814.0,0.25245620001805946,213.80315692247558,0.5813953488372093,252.27997003094166,0.4,324.7271114741414,0.02857142857142857,0.171875,0.9723958333333333,0.5006944444444444,0.9920138888888889,0.6613425925925925
personal_reducido,priority,1027,143,58,52,85,6,119.19394103727876,227.0767844332215,193.83969720836294,88,0.95625,0.8642789257145044,63007.0,0.1636945999925956,91.36226369879675,0.9642857142857143,195.07814523210746,0.5869565217391305,303.48176970590464,0.057971014492753624,0.17256944444444444,0.9661458333333334,0.5277777777777778,0.9892361111111111,0.6594907407407408
personal_reducido,priority,1028,161,57,51,104,6,160.31890862253678,244.62402464979616,242.660978487786,108,0.95625,0.867402828791492,93909.0,0.2022671999875456,179.30815401680354,0.75,216.00192053291298,0.5,297.222939127408,0.0547945205479452,0.17256944444444444,0.9708333333333333,0.8618055555555556,0.9923611111111111,0.6615740740740741
personal_reducido,priority,1029,146,55,49,91,6,146.87441997939294,244.53480911819406,233.63743380592496,97,0.8916666666666667,0.8649730905813225,79635.0,0.182534699968528,150.66256290661863,0.8275862068965517,222.84082865400626,0.54,301.3556175263296,0.05970149253731343,0.1840277777777778,0.9328125,0.6333333333333333,0.9899305555555555,0.6599537037037037
personal_reducido,tuned,1000,148,51,45,97,6,128.67275345057888,253.39638977432514,229.58665363720806,104,0.9083333333333333,0.8587253985556972,79033.0,0.19318210001802072,92.07533517605582,0.96,239.9443826796739,0.4126984126984127,334.7381033063211,0.016666666666666666,0.17881944444444445,0.9390625,0.5319444444444444,0.9836805555555556,0.655787037037037
personal_reducido,tuned,1001,135,56,50,79,6,161.16363645308348,249.03861957927148,238.9789824854544,87,0.9520833333333333,0.867055711281801,85690.0,0.17675650003366172,190.849449474341,0.675,190.1662202497433,0.6756756756756757,326.7256123273708,0.06896551724137931,0.17447916666666666,0.9645833333333333,0.5152777777777777,0.9920138888888889,0.6613425925925925
personal_reducido,tuned,1002,156,55,49,101,6,151.38054171008218,258.48398489145194,234.41969243360165,107,0.94375,0.8687912358890182,84363.0,0.2112741000019014,131.80697712538955,0.8387096774193549,233.54656742721178,0.5294117647058824,328.7379785593463,0.02702702702702703,0.17604166666666668,0.9625,0.6729166666666667,0.99375,0.6625
personal_reducido,tuned,1003,148,55,49,93,6,159.37167429713844,260.99637954988947,250.5769608962751,97,0.9229166666666667,0.8677499285330338,96787.0,0.2017621000413783,172.7677700822969,0.7714285714285715,238.49674421586207,0.4745762711864407,342.7645242919886,0.0,0.18454861111111112,0.9354166666666667,0.6361111111111111,0.9927083333333333,0.6618055555555555
personal_reducido,tuned,1004,142,56,50,86,6,136.5884567505598,239.17394962881792,210.565720326334,90,0.9520833333333333,0.8639318095677776,68767.0,0.17444770003203303,119.25008251873822,0.896551724137931,201.0020717030235,0.5909090909090909,313.91822172921303,0.057971014492753624,0.17274305555555555,0.9651041666666667,0.4791666666666667,0.9888888888888889,0.6592592592592592
personal_reducido,tuned,1005,154,55,49,99,6,154.30263830101725,261.1853010433429,240.67178116064636,109,0.9,0.86427890314838,88984.0,0.2046995999990031,157.22667925189535,0.7352941176470589,218.18732295037583,0.5294117647058824,344.1924028353797,0.043478260869565216,0.18888888888888888,0.9171875,0.7708333333333334,0.9892361111111111,0.6594907407407408
personal_reducido,tuned,1006,168,54,48,114,6,167.12086900050605,268.1122366312885,259.1650275934431,122,0.9458333333333333,0.8653201962137989,103092.0,0.23384549998445436,200.45942989456782,0.6756756756756757,203.75545505434593,0.5384615384615384,342.15915424217053,0.012658227848101266,0.17395833333333333,0.9635416666666666,0.5451388888888888,0.9902777777777778,0.6601851851851852
personal_reducido,tuned,1007,149,57,51,92,6,142.2882954865606,250.64940803632567,244.4016044905646,102,0.9270833333333334,0.8594195300436449,90372.0,0.1913969999877736,141.90071459145804,0.896551724137931,251.41472992942656,0.38461538461538464,307.0851568881366,0.10909090909090909,0.17465277777777777,0.9526041666666667,0.8375,0.984375,0.65625
personal_reducido,tuned,1008,158,57,52,101,5,160.56044968772622,271.002878514264,247.53656241776454,114,0.9291666666666667,0.8653202083609429,91698.0,0.22323269996559247,141.46629185871862,0.9310344827586207,246.26510800237446,0.46551724137931033,344.12050812976275,0.04225352112676056,0.17430555555555555,0.9625,0.6625,0.9902777777777778,0.6601851851851852
personal_reducido,tuned,1009,171,56,50,115,6,152.64133094669185,265.00797344367487,247.3099786638879,116,0.9395833333333333,0.8687912358890182,99206.0,0.23260060005122796,140.88388365261096,0.8125,239.29344907646936,0.42424242424242425,342.6672814101078,0.0273972602739726,0.17378472222222222,0.9692708333333333,0.7854166666666667,0.99375,0.6625
personal_reducido,tuned,1010,167,55,49,112,6,147.63916227816355,262.24240760662803,255.88034975455554,118,0.9229166666666667,0.8621963894242978,103256.0,0.23110109998378903,171.52951819634123,0.6486486486486487,241.07379955605148,0.4482758620689655,325.911243372101,0.06944444444444445,0.18055555555555555,0.9390625,0.7493055555555556,0.9871527777777778,0.6581018518518519
personal_reducido,tuned,1011,154,56,50,98,6,158.24420362107185,258.0282798896575,240.2014647419378,105,0.9270833333333334,0.867055713056591,87023.0,0.20791890000691637,152.0188598980736,0.9285714285714286,221.89837275373574,0.5084745762711864,334.14661243866834,0.0,0.17864583333333334,0.9520833333333333,0.8069444444444445,0.9920138888888889,0.6613425925925925
personal_reducido,tuned,1012,146,55,49,91,6,132.99449355631245,239.50997793385602,207.50326579697537,96,0.9041666666666667,0.8656673503742375,72540.0,0.17963450000388548,123.77194147723068,0.7714285714285715,187.50328654082122,0.6046511627906976,331.9676103733028,0.029411764705882353,0.1734375,0.965625,0.4979166666666667,0.990625,0.6604166666666667
personal_reducido,tuned,1013,155,53,47,102,6,153.76660347509974,261.45694499234236,241.5290438705332,104,0.925,0.8632375717975616,90197.0,0.2459289000253193,136.00127417835043,0.8125,242.52575487802306,0.43103448275862066,340.11218334123873,0.03076923076923077,0.17569444444444443,0.9552083333333333,0.6215277777777778,0.9881944444444445,0.6587962962962963
personal_reducido,tuned,1014,165,58,52,107,6,138.35106329398343,236.8083688922506,226.44184534038516,110,0.9166666666666666,0.8667086232858728,90704.0,0.20355779997771606,137.47441170487377,0.7027027027027027,220.34600231131697,0.45,305.3833455215,0.07352941176470588,0.18038194444444444,0.9463541666666667,0.5972222222222222,0.9916666666666667,0.6611111111111111
personal_reducido,tuned,1015,151,54,48,97,6,142.8989434786078,258.89546304190503,235.83133416487377,102,0.9291666666666667,0.870526768526092,81658.0,0.2001894999993965,150.15248188212837,0.8333333333333334,210.92658814383296,0.5416666666666666,335.1255374241072,0.0410958904109589,0.1795138888888889,0.9546875,0.42777777777777776,0.9954861111111111,0.6636574074074074
personal_reducido,tuned,1016,181,56,50,125,6,145.69939461789505,260.44806474859956,236.46775596505728,127,0.8625,0.8656673200471771,97012.0,0.24022139998851344,136.66679251701757,0.7142857142857143,211.18334236494272,0.46774193548387094,348.38565184255305,0.023809523809523808,0.18541666666666667,0.9296875,0.6416666666666667,0.990625,0.6604166666666667
personal_reducido,tuned,1017,138,56,51,82,5,130.07289757958262,243.56491824799525,197.88700376997406,88,0.75,0.8684441359483974,59456.0,0.17275199998402968,72.51392980404637,0.9583333333333334,206.2348213645503,0.6904761904761905,322.3578042446544,0.05555555555555555,0.19791666666666666,0.8963541666666667,0.3763888888888889,0.9934027777777777,0.6622685185185185
personal_reducido,tuned,1018,154,56,50,98,6,134.3098678035431,245.37710178122398,218.77852656063502,100,0.9645833333333333,0.8660144057680846,76328.0,0.19580579997273162,118.99025551994433,0.8709677419354839,215.91683961740478,0.5106382978723404,315.1484775154236,0.06578947368421052,0.16961805555555556,0.9776041666666667,0.8006944444444445,0.9909722222222223,0.6606481481481481
personal_reducido,tuned,1019,177,53,47,124,6,159.37761238726966,279.6840379734014,260.6913788539138,129,0.9395833333333333,0.8712209839361817,102565.0,0.25174259999766946,153.2426061616665,0.8333333333333334,240.4978490101662,0.3968253968253968,354.2313339143045,0.03571428571428571,0.1798611111111111,0.9546875,0.34097222222222223,0.9961805555555555,0.6641203703703704
personal_reducido,tuned,1020,171,58,52,113,6,155.40513450569415,254.956542845262,238.20330229599634,118,0.9395833333333333,0.8715680935498477,97670.0,0.23816340003395453,159.26201089670235,0.675,215.92882292998073,0.5576923076923077,329.09860251028744,0.02531645569620253,0.17604166666666668,0.9666666666666667,0.5472222222222223,0.9965277777777778,0.6643518518518519
personal_reducido,tuned,1021,172,58,52,114,6,154.4725040551002,248.84429439223274,234.32417946744573,118,0.94375,0.8698325531483501,97102.0,0.2124387000221759,150.25419608286003,0.6923076923076923,217.56717078581516,0.4827586206896552,324.2987877687361,0.04,0.17586805555555557,0.9645833333333333,0.54375,0.9947916666666666,0.6631944444444444
personal_reducido,tuned,1022,171,60,54,111,6,140.76921065733666,260.34688605679236,226.60481584602337,114,0.58125,0.8660144098167516,81896.0,0.23365900001954287,41.18193344693628,1.0,246.65424165093444,0.5223880597014925,330.33513157641806,0.036585365853658534,0.23229166666666667,0.7895833333333333,0.60625,0.9909722222222223,0.6606481481481481
personal_reducido,tuned,1023,146,54,48,92,6,155.35624362986997,262.60142113049005,238.72612209558505,103,0.9270833333333334,0.8656673221905983,83007.0,0.1993203000165522,158.63751312337533,0.8387096774193549,211.10050471638078,0.5208333333333334,347.60030375881547,0.04477611940298507,0.17673611111111112,0.9557291666666666,0.6506944444444445,0.990625,0.6604166666666667
personal_reducido,tuned,1024,162,54,48,108,6,140.7253216476608,244.3615346961875,222.2392912671527,108,0.9395833333333333,0.8618491933209265,80015.0,0.21697009995114058,112.35212153180977,0.8387096774193549,227.6187802227852,0.49019607843137253,306.1886882741779,0.0375,0.1736111111111111,0.959375,0.6159722222222223,0.9868055555555556,0.6578703703703703
personal_reducido,tuned,1025,152,53,47,99,6,134.58631448915375,247.85001451832488,212.3420217334616,103,0.95,0.8663615094244633,76528.0,0.19706370000494644,106.26638251968362,0.7878787878787878,203.14641387472713,0.49056603773584906,354.5401764890195,0.015151515151515152,0.17048611111111112,0.9755208333333333,0.6861111111111111,0.9913194444444444,0.6608796296296297
personal_reducido,tuned,1026,178,53,47,125,6,180.86997298175004,271.47545844307615,280.05106394879965,128,0.9479166666666666,0.8670557451850889,126814.0,0.2604707999853417,213.80315692247558,0.5813953488372093,252.27997003094166,0.4,324.7271114741414,0.02857142857142857,0.171875,0.9723958333333333,0.5006944444444444,0.9920138888888889,0.6613425925925925
personal_reducido,tuned,1027,143,58,52,85,6,119.19394103727876,227.0767844332215,193.83969720836294,88,0.95625,0.8642789257145044,63007.0,0.16904050001176074,91.36226369879675,0.9642857142857143,195.07814523210746,0.5869565217391305,303.48176970590464,0.057971014492753624,0.17256944444444444,0.9661458333333334,0.5277777777777778,0.9892361111111111,0.6594907407407408
personal_reducido,tuned,1028,161,57,51,104,6,160.31890862253678,244.62402464979616,242.660978487786,108,0.95625,0.867402828791492,93909.0,0.20191859995247796,179.30815401680354,0.75,216.00192053291298,0.5,297.222939127408,0.0547945205479452,0.17256944444444444,0.9708333333333333,0.8618055555555556,0.9923611111111111,0.6615740740740741
personal_reducido,tuned,1029,146,55,49,91,6,146.87441997939294,244.53480911819406,233.63743380592496,97,0.8916666666666667,0.8649730905813225,79635.0,0.18521339999279007,150.66256290661863,0.8275862068965517,222.84082865400626,0.54,301.3556175263296,0.05970149253731343,0.1840277777777778,0.9328125,0.6333333333333333,0.9899305555555555,0.6599537037037037
criticos_reducidos,fifo,1000,148,109,101,39,8,144.6792204610406,158.09233572027105,197.3285082737995,66,0.8145833333333333,0.8544735407963149,68922.0,0.13931320002302527,219.67533517605582,0.48,145.05549379078502,0.7619047619047619,146.12143663965443,0.8166666666666667,0.503125,0.8989583333333333,0.5666666666666667,0.9794270833333333,0.6529513888888889
criticos_reducidos,fifo,1001,135,109,106,26,3,97.23805274695857,138.20898994964182,220.29194092066223,57,0.98125,0.824270400615927,79667.0,0.10451370000373572,278.37444947434096,0.35,74.40946349298653,1.0,82.24285370668112,1.0,0.4366319444444444,0.9885416666666667,0.6583333333333333,0.9020833333333333,0.6013888888888889
criticos_reducidos,fifo,1002,156,119,111,37,8,145.25267568094915,162.00962591709296,205.117028995345,77,0.9541666666666667,0.8651466885406313,74721.0,0.14513299998361617,233.03278357700242,0.41935483870967744,132.74264585858432,0.8823529411764706,152.42716774853548,0.8243243243243243,0.49809027777777776,0.971875,0.7895833333333333,0.9901041666666667,0.6600694444444445
criticos_reducidos,fifo,1003,148,109,101,39,8,147.9894654242329,168.74637954988947,225.93523754026603,71,0.9229166666666667,0.8664482859399224,88320.0,0.14299920003395528,267.9106272251541,0.37142857142857144,141.3442018429807,0.8983050847457628,134.41267244013676,0.7962962962962963,0.5065972222222223,0.9260416666666667,0.9,0.99140625,0.6609375
criticos_reducidos,fifo,1004,142,125,117,17,8,106.77356059601297,123.70916089642355,179.54705365966734,55,0.9791666666666666,0.8617624372178933,60075.0,0.12430999998468906,231.939737691152,0.4827586206896552,102.86570806665988,1.0,91.51242462776378,0.9710144927536232,0.49444444444444446,0.9802083333333333,0.6375,0.98671875,0.6578125
criticos_reducidos,fifo,1005,154,117,109,37,8,135.4601880656373,160.62036597840785,217.09431637191398,75,0.8979166666666667,0.8628037207907192,80920.0,0.1604959000251256,249.96197336954242,0.35294117647058826,136.40300922488564,0.8431372549019608,134.49675066146668,0.8985507246376812,0.5086805555555556,0.8989583333333333,0.9,0.9877604166666667,0.6585069444444445
criticos_reducidos,fifo,1006,168,122,115,46,7,137.24722029745854,170.47533186938372,233.75364903764438,84,0.9729166666666667,0.8625434218867869,93759.0,0.16934439999749884,281.81078124591915,0.32432432432432434,127.0246858235767,0.7884615384615384,146.93130614090467,0.8734177215189873,0.4947916666666667,0.98125,0.7958333333333333,0.9875,0.6583333333333333
criticos_reducidos,fifo,1007,149,114,106,35,8,139.3906875396575,160.9648442779364,207.26952901886648,74,0.9416666666666667,0.8503088335062273,77748.0,0.13025139999808744,249.65933528111321,0.4482758620689655,136.90703762173425,0.8153846153846154,142.63061143359116,0.8727272727272727,0.4901041666666667,0.9604166666666667,0.9791666666666666,0.9752604166666666,0.6501736111111112
criticos_reducidos,fifo,1008,158,121,114,37,7,149.84196691033884,169.61047345097288,223.5866817495068,82,0.8020833333333334,0.8635846997001412,83583.0,0.15120660001412034,280.6042228932014,0.41379310344827586,140.48924593340894,0.8448275862068966,148.0641701015937,0.8450704225352113,0.5097222222222222,0.8958333333333334,0.9895833333333334,0.9885416666666667,0.6590277777777778
criticos_reducidos,fifo,1009,171,118,111,53,7,151.3410119740222,171.96118981794385,221.29701970060498,85,0.9416666666666667,0.8667086184015541,89922.0,0.16811650001909584,245.35263365261096,0.40625,162.86920665222692,0.7424242424242424,148.00974716353247,0.7671232876712328,0.49982638888888886,0.9677083333333333,0.88125,0.9916666666666667,0.6611111111111111
criticos_reducidos,fifo,1010,167,118,110,49,8,144.87781131877384,170.76336569046038,226.4893241135299,85,0.8458333333333333,0.8583783417882811,92681.0,0.1582221999997273,260.3943830612061,0.32432432432432434,139.88414438363768,0.8448275862068966,149.5779100387677,0.7916666666666666,0.5065972222222223,0.89375,0.9416666666666667,0.9833333333333333,0.6555555555555556
criticos_reducidos,fifo,1011,154,118,110,36,8,140.64388587154826,158.85944872082626,208.5509793050446,73,0.9354166666666667,0.8641053648345042,76683.0,0.1353837000206113,267.947431326645,0.4642857142857143,126.15261004187134,0.864406779661017,142.07198557299668,0.8059701492537313,0.4982638888888889,0.9666666666666667,0.9979166666666667,0.9890625,0.659375
criticos_reducidos,fifo,1012,146,121,113,25,8,107.32707045186044,128.57162176947244,185.89392918763875,62,0.95625,0.8599402184778534,65545.0,0.10765369998989627,220.0005129058021,0.37142857142857144,98.68933305244913,0.9767441860465116,100.40878684389106,0.9705882352941176,0.49375,0.9770833333333333,0.48333333333333334,0.9848958333333333,0.6565972222222223
criticos_reducidos,fifo,1013,155,116,108,39,8,152.6906754534103,166.0375901536327,214.2784638241295,75,0.8875,0.8615020853870884,81032.0,0.14884470001561567,244.47002417835043,0.375,141.40506522285065,0.8275862068965517,149.40449103354644,0.8615384615384616,0.5013888888888889,0.9375,0.9875,0.9864583333333333,0.6576388888888889
criticos_reducidos,fifo,1014,165,114,106,51,8,127.24093515002119,150.92958101346272,201.85461129783198,75,0.9541666666666667,0.8638450507541237,81428.0,0.14270190004026517,221.36630359676568,0.32432432432432434,131.79600231131695,0.8166666666666667,129.48628669797057,0.7794117647058824,0.4982638888888889,0.965625,0.7875,0.9888020833333333,0.6592013888888889
criticos_reducidos,fifo,1015,151,122,114,29,8,129.84058377845307,147.4583769491898,204.15627119258156,64,0.9729166666666667,0.8695722242943605,71843.0,0.12559400004101917,247.75248188212836,0.43333333333333335,131.46825481049962,0.8958333333333334,116.75567441040862,0.9041095890410958,0.49930555555555556,0.9822916666666667,0.8416666666666667,0.99453125,0.6630208333333333
criticos_reducidos,fifo,1016,181,127,119,54,8,147.68711855168453,165.13867248340617,211.48233929839063,86,0.8666666666666667,0.8620227964324204,87719.0,0.17244129994651303,225.23822108844612,0.37142857142857144,150.36076171978144,0.7419354838709677,151.0046994616006,0.8095238095238095,0.5057291666666667,0.9135416666666667,0.7145833333333333,0.9869791666666666,0.6579861111111112
criticos_reducidos,fifo,1017,138,123,115,15,8,119.01776984436917,127.61564288567641,165.2700447056466,56,0.9354166666666667,0.8672292678386098,50401.0,0.10448700003325939,201.18059647071303,0.5,105.11577374550268,1.0,116.21891535576553,0.9583333333333334,0.5012152777777777,0.9614583333333333,0.5229166666666667,0.9921875,0.6614583333333334
criticos_reducidos,fifo,1018,154,124,116,30,8,116.86224096535109,131.63684204096427,191.55272010902212,62,0.9083333333333333,0.8628037458942607,67756.0,0.11559180001495406,232.92573939091207,0.41935483870967744,123.19343536208561,0.9148936170212766,95.5432143575289,0.8947368421052632,0.5001736111111111,0.95,0.8479166666666667,0.9877604166666667,0.6585069444444445
criticos_reducidos,fifo,1019,177,124,117,53,7,163.1581296420864,186.0343204592771,232.24987775016106,94,0.9416666666666667,0.8698325580092726,93041.0,0.179909200000111,262.70927282833316,0.43333333333333335,166.14864266095984,0.6984126984126984,173.56466724763786,0.7976190476190477,0.5043402777777778,0.953125,0.5979166666666667,0.9947916666666666,0.6631944444444444
criticos_reducidos,fifo,1020,171,123,115,48,8,138.8484153404623,161.96239079847837,212.96751282231213,80,0.9895833333333334,0.8700928902195201,87963.0,0.16259080002782866,238.38701089670235,0.35,123.33266908382687,0.8461538461538461,148.69353921914816,0.8227848101265823,0.49809027777777776,0.9916666666666667,0.5583333333333333,0.9950520833333333,0.6633680555555556
criticos_reducidos,fifo,1021,172,125,117,47,8,140.3764426022462,156.12917811316294,208.7631028628909,77,0.9229166666666667,0.867489611017366,87636.0,0.14888460002839565,238.89522172388564,0.358974358974359,124.4292397513324,0.8275862068965517,137.60545443540275,0.84,0.5015625,0.9604166666666667,0.69375,0.9924479166666667,0.6616319444444444
criticos_reducidos,fifo,1022,171,124,116,47,8,165.51945728779603,169.90828956556427,195.06023753277034,84,0.8083333333333333,0.8643656740411966,71925.0,0.1591480000060983,188.0910243560272,0.5909090909090909,167.05722672556132,0.746268656716418,167.35952182032054,0.7439024390243902,0.5151041666666667,0.8666666666666667,0.9145833333333333,0.9893229166666667,0.6595486111111111
criticos_reducidos,fifo,1023,146,120,112,26,8,137.20239902183528,156.39594167843524,212.6656686950813,66,0.9645833333333333,0.8630640716850101,75241.0,0.14644959999714047,262.7020292524076,0.41935483870967744,123.70467138304743,0.9166666666666666,130.63015450508408,0.9402985074626866,0.4953125,0.9802083333333333,0.91875,0.9880208333333333,0.6586805555555556
criticos_reducidos,fifo,1024,162,119,111,43,8,139.55492809206396,150.78746062211346,194.01733422657992,74,0.975,0.859159201387732,70890.0,0.18508660001680255,219.57792798342265,0.45161290322580644,123.83446649729501,0.8431372549019608,141.31368827417788,0.775,0.4930555555555556,0.978125,0.8333333333333334,0.9841145833333333,0.6560763888888889
criticos_reducidos,fifo,1025,152,117,111,35,6,127.48150561104663,141.507909255167,186.63989407388712,65,0.9854166666666667,0.8638450259378064,68416.0,0.1454523999709636,206.3875946408957,0.42424242424242425,123.25962142189695,0.8113207547169812,123.72199467083766,0.9090909090909091,0.4939236111111111,0.9916666666666667,0.9979166666666667,0.9888020833333333,0.6592013888888889
criticos_reducidos,fifo,1026,178,113,106,65,7,166.11178823279513,195.68894158914358,250.33595878627577,101,0.98125,0.8633244320388191,114333.0,0.2602552999742329,283.26827320154536,0.3023255813953488,145.1568931078647,0.7230769230769231,188.81282575985568,0.7571428571428571,0.4942708333333333,0.9875,0.7416666666666667,0.98828125,0.6588541666666666
criticos_reducidos,fifo,1027,143,126,118,17,8,93.92987932826625,108.31454667098375,161.71969720836293,51,0.9708333333333333,0.8604608722860436,53602.0,0.10841739998431876,216.71940655593963,0.4642857142857143,86.68684088428135,0.9782608695652174,78.74263927112206,0.9855072463768116,0.49409722222222224,0.9770833333333333,0.775,0.9854166666666667,0.6569444444444444
criticos_reducidos,fifo,1028,161,118,111,43,7,121.43040742192612,151.40042216532413,215.8092930945276,77,0.9791666666666666,0.863324436430174,84120.0,0.14937050000298768,269.3637095723591,0.3611111111111111,110.32884360983607,0.8461538461538461,122.48321310001067,0.8356164383561644,0.4951388888888889,0.9822916666666667,0.96875,0.98828125,0.6588541666666666
criticos_reducidos,fifo,1029,146,118,110,28,8,133.5306957705854,147.43891870723513,197.3177407112958,67,0.95,0.8604608641236768,68674.0,0.1470850000041537,248.7660111824807,0.4482758620689655,112.74082865400628,0.94,129.47502051140418,0.8656716417910447,0.49756944444444445,0.95625,0.95,0.9854166666666667,0.6569444444444444
criticos_reducidos,priority,1000,148,94,86,54,8,142.15950736771154,194.3355789635143,181.2357764442256,78,0.9270833333333334,0.8544735407963149,64181.0,0.2215618999907747,207.3153351760558,0.52,77.11898585427708,1.0,312.0047699729878,0.3,0.49375,0.9552083333333333,0.5791666666666667,0.9794270833333333,0.6529513888888889
criticos_reducidos,priority,1001,135,109,106,26,3,113.4398876093439,151.2904714311233,214.243041165161,65,0.98125,0.8240781970342038,77193.0,0.16299089998938143,278.37444947434096,0.35,17.112166195689237,1.0,149.2428537066811,1.0,0.43645833333333334,0.9885416666666667,0.6583333333333333,0.9018229166666667,0.6012152777777777
criticos_reducidos,priority,1002,156,111,103,45,8,168.27418673367788,190.95193360940064,191.91363916483652,89,0.9625,0.8651466885406313,69748.0,0.21864249999634922,232.1295577705508,0.41935483870967744,41.095587035054926,1.0,276.9812218025896,0.6351351351351351,0.4973958333333333,0.9760416666666667,0.7979166666666667,0.9901041666666667,0.6600694444444445
criticos_reducidos,priority,1003,148,103,95,45,8,173.72555512138035,199.6450281985381,211.5066661116946,81,0.9458333333333333,0.8664482859399224,82977.0,0.22732030000770465,262.2534843680112,0.4,65.70013404637054,1.0,305.41267244013676,0.5555555555555556,0.5024305555555556,0.9510416666666667,0.925,0.99140625,0.6609375
criticos_reducidos,priority,1004,142,121,113,21,8,134.04736257067216,147.19507638938128,167.98705365966734,66,0.9791666666666666,0.8617624372178933,55980.0,0.16539239999838173,231.939737691152,0.4827586206896552,18.433889884841697,1.0,193.68633767124203,0.9130434782608695,0.49444444444444446,0.9802083333333333,0.6375,0.98671875,0.6578125
criticos_reducidos,priority,1005,154,107,99,47,8,160.99872537649705,194.58789844594034,200.01685158318156,90,0.9395833333333333,0.8628037207907192,74785.0,0.22151819994905964,241.1972674871895,0.38235294117647056,39.57947981312092,1.0,286.1924028353797,0.6231884057971014,0.5012152777777777,0.94375,0.9479166666666666,0.9877604166666667,0.6585069444444445
criticos_reducidos,priority,1006,168,112,105,56,7,157.38664885157513,200.74914139319324,218.95715013173628,98,0.9729166666666667,0.8625434218867869,87837.0,0.21923200000310317,281.81078124591915,0.32432432432432434,21.17853197742286,1.0,280.9819390522971,0.6075949367088608,0.4947916666666667,0.98125,0.7958333333333333,0.9875,0.6583333333333333
criticos_reducidos,priority,1007,149,99,91,50,8,127.01591568926466,188.60913957994984,197.69169883018725,82,0.9416666666666667,0.8503088335062273,74467.0,0.1857381000299938,249.65933528111321,0.4482758620689655,79.98396069865734,1.0,284.7942477972275,0.38181818181818183,0.4901041666666667,0.9604166666666667,0.9791666666666666,0.9752604166666666,0.6501736111111112
criticos_reducidos,priority,1008,158,108,100,50,8,158.17716093072582,204.03452408388426,207.10935478053304,92,0.9291666666666667,0.8635846997001412,77219.0,0.21629919996485114,266.9145677207876,0.4482758620689655,55.85131489892619,1.0,299.4021982706078,0.5211267605633803,0.4991319444444444,0.959375,0.9895833333333334,0.9885416666666667,0.6590277777777778
criticos_reducidos,priority,1009,171,103,95,68,8,143.4674316872612,206.8617746132655,202.50220328591814,98,0.9916666666666667,0.8667086184015541,82300.0,0.23833720001857728,241.47763365261096,0.40625,64.61163089465117,1.0,320.2974183964092,0.3287671232876712,0.4956597222222222,0.9927083333333333,0.88125,0.9916666666666667,0.6611111111111111
criticos_reducidos,priority,1010,167,102,94,65,8,152.04788502937737,204.6256411395622,216.56838394258972,98,0.9270833333333334,0.8583783417882811,88518.0,0.23602290003327653,252.77276143958449,0.32432432432432434,67.40138576294804,1.0,290.4251322609899,0.4444444444444444,0.49895833333333334,0.9395833333333333,0.9520833333333333,0.9833333333333333,0.6555555555555556
criticos_reducidos,priority,1011,154,111,103,43,8,162.02852054425787,188.65165651303406,194.42233852834556,85,0.9479166666666666,0.8641053648345042,71642.0,0.2068250000011176,266.48314561235935,0.4642857142857143,46.28820326221031,0.9830508474576272,281.4898960207579,0.5970149253731343,0.49722222222222223,0.9729166666666667,0.9979166666666667,0.9890625,0.659375
criticos_reducidos,priority,1012,146,118,110,28,8,138.67933140119587,154.2086080708423,176.61628790999748,76,0.9791666666666666,0.8599402184778534,61949.0,0.15189199999440461,218.31479862008783,0.37142857142857144,16.78235630826309,1.0,208.1146691968322,0.9117647058823529,0.4918402777777778,0.9885416666666667,0.48333333333333334,0.9848958333333333,0.6565972222222223
criticos_reducidos,priority,1013,155,108,100,47,8,158.08174848430536,190.25049337943918,196.3596703206492,85,0.925,0.8615020853870884,74389.0,0.1904221000149846,240.65752417835043,0.375,57.0429962573334,1.0,284.29679872585416,0.5846153846153846,0.4982638888888889,0.95625,0.9875,0.9864583333333333,0.6576388888888889
criticos_reducidos,priority,1014,165,104,96,61,8,132.67306424425635,176.95382343770515,188.3056751276192,85,0.9604166666666667,0.8638450507541237,75780.0,0.22478710004361346,220.66360089406297,0.32432432432432434,50.02933564465029,1.0,265.1627572862059,0.47058823529411764,0.49774305555555554,0.96875,0.7958333333333333,0.9888020833333333,0.6592013888888889
criticos_reducidos,priority,1015,151,114,106,37,8,165.0498132642464,184.72990012799775,190.7154651472415,82,0.9729166666666667,0.8695722242943605,67107.0,0.21339099999750033,247.75248188212836,0.43333333333333335,23.509921477166273,1.0,264.83786619123055,0.726027397260274,0.49930555555555556,0.9822916666666667,0.8416666666666667,0.99453125,0.6630208333333333
criticos_reducidos,priority,1016,181,102,94,79,8,142.07351900753912,208.72983270440065,196.83233929839062,106,0.9604166666666667,0.8620227964324204,81467.0,0.266728000016883,218.03822108844614,0.37142857142857144,46.4736649455879,0.9838709677419355,324.61184231874347,0.3333333333333333,0.4979166666666667,0.9604166666666667,0.7395833333333334,0.9869791666666666,0.6579861111111112
criticos_reducidos,priority,1017,138,122,114,16,8,150.95589332129148,153.57216462480685,152.76419675243022,69,0.9791666666666666,0.8672292678386098,46724.0,0.1511136000044644,194.38892980404637,0.5416666666666666,28.40148803121697,1.0,212.9828042446544,0.9305555555555556,0.49756944444444445,0.9833333333333333,0.5375,0.9921875,0.6614583333333334
criticos_reducidos,priority,1018,154,120,113,34,7,143.7997122722333,157.70827061239282,179.06884914128017,71,0.9854166666666667,0.8628037458942607,63685.0,0.17730159999337047,229.57090068123466,0.45161290322580644,42.704073659957956,1.0,199.5168985680552,0.7763157894736842,0.49375,0.9885416666666667,0.8479166666666667,0.9877604166666667,0.6585069444444445
criticos_reducidos,priority,1019,177,101,93,76,8,142.80224934353978,223.802682041198,213.86797929541493,109,0.9645833333333333,0.8698325580092726,85674.0,0.2749772000242956,259.50927282833317,0.43333333333333335,58.434356946674136,1.0,335.07657200954264,0.2976190476190476,0.5020833333333333,0.9666666666666667,0.6083333333333333,0.9947916666666666,0.6631944444444444
criticos_reducidos,priority,1020,171,113,105,58,8,153.21696477499825,187.82788787450176,201.9085654538911,94,0.9895833333333334,0.8700928902195201,83190.0,0.2568547999835573,238.38701089670235,0.35,34.909592160749945,1.0,262.8834126368697,0.5949367088607594,0.49809027777777776,0.9916666666666667,0.5583333333333333,0.9950520833333333,0.6633680555555556
criticos_reducidos,priority,1021,172,111,105,61,6,142.63407224536454,183.6175502061862,194.88732646537534,91,0.9479166666666666,0.867489611017366,81534.0,0.24289369996404275,236.69009351875744,0.358974358974359,34.7740673375393,1.0,271.12545443540273,0.52,0.49947916666666664,0.9729166666666667,0.69375,0.9924479166666667,0.6616319444444444
criticos_reducidos,priority,1022,171,100,92,71,8,141.92431412706696,207.1012720217046,178.34216524361372,97,0.9645833333333333,0.8643656740411966,65827.0,0.2562766000046395,168.909206174209,0.6363636363636364,89.8333461285464,1.0,313.16439986910103,0.23170731707317074,0.4984375,0.9666666666666667,0.9645833333333333,0.9893229166666667,0.6595486111111111
criticos_reducidos,priority,1023,146,116,108,30,8,164.32332651138165,186.10142113049005,199.17700370767577,81,0.9645833333333333,0.8630640716850101,70366.0,0.19137610000325367,262.7020292524076,0.41935483870967744,27.746338049714108,1.0,264.1077664453826,0.8208955223880597,0.4953125,0.9802083333333333,0.91875,0.9880208333333333,0.6586805555555556
criticos_reducidos,priority,1024,162,112,104,50,8,155.9897054885869,177.14548531347148,180.34668983517182,83,0.975,0.859159201387732,66182.0,0.20739490003325045,219.57792798342265,0.45161290322580644,35.81485865415775,1.0,250.80118827417786,0.5875,0.4930555555555556,0.978125,0.8333333333333334,0.9841145833333333,0.6560763888888889
criticos_reducidos,priority,1025,152,111,103,41,8,147.50594396537716,174.58027767621962,172.41530778547104,77,0.9854166666666667,0.8638450259378064,63119.0,0.19960870000068098,206.3875946408957,0.42424242424242425,25.863395006802612,1.0,278.10078254962554,0.6666666666666666,0.4939236111111111,0.9916666666666667,0.9979166666666667,0.9888020833333333,0.6592013888888889
criticos_reducidos,priority,1026,178,95,87,83,8,141.74225964006723,218.9698404655481,238.6648306792012,106,0.98125,0.8633244320388191,109129.0,0.2788309999741614,283.26827320154536,0.3023255813953488,73.2492008001724,0.9846153846153847,314.7842543312843,0.2571428571428571,0.4942708333333333,0.9875,0.7416666666666667,0.98828125,0.6588541666666666
criticos_reducidos,priority,1027,143,126,118,17,8,123.33838627662077,134.2865746430117,153.61836387502962,66,0.9708333333333333,0.8604608722860436,50684.0,0.15147469996009022,216.71940655593963,0.4642857142857143,14.599884362542223,1.0,180.62669724213654,0.9710144927536232,0.49409722222222224,0.9770833333333333,0.775,0.9854166666666667,0.6569444444444444
criticos_reducidos,priority,1028,161,109,101,52,8,135.85332454609932,177.0463848982434,203.56434927430286,88,0.9791666666666666,0.863324436430174,79271.0,0.2259124999982305,269.3637095723591,0.3611111111111111,24.001920532912987,1.0,240.53800762055866,0.6027397260273972,0.4951388888888889,0.9822916666666667,0.96875,0.98828125,0.6588541666666666
criticos_reducidos,priority,1029,146,114,106,32,8,152.83102895909016,169.50056254285158,186.7704261332907,78,0.9625,0.8604608641236768,64910.0,0.20671120000770316,246.04187325144622,0.4482758620689655,46.840828654006266,1.0,227.9078563322997,0.7611940298507462,0.49583333333333335,0.9666666666666667,0.9625,0.9854166666666667,0.6569444444444444
criticos_reducidos,tuned,1000,148,94,86,54,8,142.15950736771154,194.3355789635143,181.2357764442256,78,0.9270833333333334,0.8544735407963149,64181.0,0.22301379998680204,207.3153351760558,0.52,77.11898585427708,1.0,312.0047699729878,0.3,0.49375,0.9552083333333333,0.5791666666666667,0.9794270833333333,0.6529513888888889
criticos_reducidos,tuned,1001,135,109,106,26,3,113.4398876093439,151.2904714311233,214.243041165161,65,0.98125,0.8240781970342038,77193.0,0.14700840000296012,278.37444947434096,0.35,17.112166195689237,1.0,149.2428537066811,1.0,0.43645833333333334,0.9885416666666667,0.6583333333333333,0.9018229166666667,0.6012152777777777
criticos_reducidos,tuned,1002,156,111,103,45,8,168.27418673367788,190.95193360940064,191.91363916483652,89,0.9625,0.8651466885406313,69748.0,0.22836409998126328,232.1295577705508,0.41935483870967744,41.095587035054926,1.0,276.9812218025896,0.6351351351351351,0.4973958333333333,0.9760416666666667,0.7979166666666667,0.9901041666666667,0.6600694444444445
criticos_reducidos,tuned,1003,148,103,95,45,8,173.72555512138035,199.6450281985381,211.5066661116946,81,0.9458333333333333,0.8664482859399224,82977.0,0.21029750001616776,262.2534843680112,0.4,65.70013404637054,1.0,305.41267244013676,0.5555555555555556,0.5024305555555556,0.9510416666666667,0.925,0.99140625,0.6609375
criticos_reducidos,tuned,1004,142,121,113,21,8,134.04736257067216,147.19507638938128,167.98705365966734,66,0.9791666666666666,0.8617624372178933,55980.0,0.15470870002172887,231.939737691152,0.4827586206896552,18.433889884841697,1.0,193.68633767124203,0.9130434782608695,0.49444444444444446,0.9802083333333333,0.6375,0.98671875,0.6578125
criticos_reducidos,tuned,1005,154,107,99,47,8,160.99872537649705,194.58789844594034,200.01685158318156,90,0.9395833333333333,0.8628037207907192,74785.0,0.21634779998566955,241.1972674871895,0.38235294117647056,39.57947981312092,1.0,286.1924028353797,0.6231884057971014,0.5012152777777777,0.94375,0.9479166666666666,0.9877604166666667,0.6585069444444445
criticos_reducidos,tuned,1006,168,112,105,56,7,157.38664885157513,200.74914139319324,218.95715013173628,98,0.9729166666666667,0.8625434218867869,87837.0,0.2395517000113614,281.81078124591915,0.32432432432432434,21.17853197742286,1.0,280.9819390522971,0.6075949367088608,0.4947916666666667,0.98125,0.7958333333333333,0.9875,0.6583333333333333
criticos_reducidos,tuned,1007,149,99,91,50,8,127.01591568926466,188.60913957994984,197.69169883018725,82,0.9416666666666667,0.8503088335062273,74467.0,0.21085530001437292,249.65933528111321,0.4482758620689655,79.98396069865734,1.0,284.7942477972275,0.38181818181818183,0.4901041666666667,0.9604166666666667,0.9791666666666666,0.9752604166666666,0.6501736111111112
criticos_reducidos,tuned,1008,158,108,100,50,8,158.17716093072582,204.03452408388426,207.10935478053304,92,0.9291666666666667,0.8635846997001412,77219.0,0.2365218000486493,266.9145677207876,0.4482758620689655,55.85131489892619,1.0,299.4021982706078,0.5211267605633803,0.4991319444444444,0.959375,0.9895833333333334,0.9885416666666667,0.6590277777777778
criticos_reducidos,tuned,1009,171,103,95,68,8,143.4674316872612,206.8617746132655,202.50220328591814,98,0.9916666666666667,0.8667086184015541,82300.0,0.26134889997774735,241.47763365261096,0.40625,64.61163089465117,1.0,320.2974183964092,0.3287671232876712,0.4956597222222222,0.9927083333333333,0.88125,0.9916666666666667,0.6611111111111111
criticos_reducidos,tuned,1010,167,102,94,65,8,152.04788502937737,204.6256411395622,216.56838394258972,98,0.9270833333333334,0.8583783417882811,88518.0,0.2558992000413127,252.77276143958449,0.32432432432432434,67.40138576294804,1.0,290.4251322609899,0.4444444444444444,0.49895833333333334,0.9395833333333333,0.9520833333333333,0.9833333333333333,0.6555555555555556
criticos_reducidos,tuned,1011,154,111,103,43,8,162.02852054425787,188.65165651303406,194.42233852834556,85,0.9479166666666666,0.8641053648345042,71642.0,0.196567100007087,266.48314561235935,0.4642857142857143,46.28820326221031,0.9830508474576272,281.4898960207579,0.5970149253731343,0.49722222222222223,0.9729166666666667,0.9979166666666667,0.9890625,0.659375
criticos_reducidos,tuned,1012,146,118,110,28,8,138.67933140119587,154.2086080708423,176.61628790999748,76,0.9791666666666666,0.8599402184778534,61949.0,0.17071629996644333,218.31479862008783,0.37142857142857144,16.78235630826309,1.0,208.1146691968322,0.9117647058823529,0.4918402777777778,0.9885416666666667,0.48333333333333334,0.9848958333333333,0.6565972222222223
criticos_reducidos,tuned,1013,155,108,100,47,8,158.08174848430536,190.25049337943918,196.3596703206492,85,0.925,0.8615020853870884,74389.0,0.24020469997776672,240.65752417835043,0.375,57.0429962573334,1.0,284.29679872585416,0.5846153846153846,0.4982638888888889,0.95625,0.9875,0.9864583333333333,0.6576388888888889
criticos_reducidos,tuned,1014,165,104,96,61,8,132.67306424425635,176.95382343770515,188.3056751276192,85,0.9604166666666667,0.8638450507541237,75780.0,0.2180882000247948,220.66360089406297,0.32432432432432434,50.02933564465029,1.0,265.1627572862059,0.47058823529411764,0.49774305555555554,0.96875,0.7958333333333333,0.9888020833333333,0.6592013888888889
criticos_reducidos,tuned,1015,151,114,106,37,8,165.0498132642464,184.72990012799775,190.7154651472415,82,0.9729166666666667,0.8695722242943605,67107.0,0.20708860002923757,247.75248188212836,0.43333333333333335,23.509921477166273,1.0,264.83786619123055,0.726027397260274,0.49930555555555556,0.9822916666666667,0.8416666666666667,0.99453125,0.6630208333333333
criticos_reducidos,tuned,1016,181,102,94,79,8,142.07351900753912,208.72983270440065,196.83233929839062,106,0.9604166666666667,0.8620227964324204,81467.0,0.2830946000176482,218.03822108844614,0.37142857142857144,46.4736649455879,0.9838709677419355,324.61184231874347,0.3333333333333333,0.4979166666666667,0.9604166666666667,0.7395833333333334,0.9869791666666666,0.6579861111111112
criticos_reducidos,tuned,1017,138,122,114,16,8,150.95589332129148,153.57216462480685,152.76419675243022,69,0.9791666666666666,0.8672292678386098,46724.0,0.1584776000236161,194.38892980404637,0.5416666666666666,28.40148803121697,1.0,212.9828042446544,0.9305555555555556,0.49756944444444445,0.9833333333333333,0.5375,0.9921875,0.6614583333333334
criticos_reducidos,tuned,1018,154,120,113,34,7,143.7997122722333,157.70827061239282,179.06884914128017,71,0.9854166666666667,0.8628037458942607,63685.0,0.17975029995432124,229.57090068123466,0.45161290322580644,42.704073659957956,1.0,199.5168985680552,0.7763157894736842,0.49375,0.9885416666666667,0.8479166666666667,0.9877604166666667,0.6585069444444445
criticos_reducidos,tuned,1019,177,101,93,76,8,142.80224934353978,223.802682041198,213.86797929541493,109,0.9645833333333333,0.8698325580092726,85674.0,0.30148119997465983,259.50927282833317,0.43333333333333335,58.434356946674136,1.0,335.07657200954264,0.2976190476190476,0.5020833333333333,0.9666666666666667,0.6083333333333333,0.9947916666666666,0.6631944444444444
criticos_reducidos,tuned,1020,171,113,105,58,8,153.21696477499825,187.82788787450176,201.9085654538911,94,0.9895833333333334,0.8700928902195201,83190.0,0.22987769998144358,238.38701089670235,0.35,34.909592160749945,1.0,262.8834126368697,0.5949367088607594,0.49809027777777776,0.9916666666666667,0.5583333333333333,0.9950520833333333,0.6633680555555556
criticos_reducidos,tuned,1021,172,111,105,61,6,142.63407224536454,183.6175502061862,194.88732646537534,91,0.9479166666666666,0.867489611017366,81534.0,0.21135170001070946,236.69009351875744,0.358974358974359,34.7740673375393,1.0,271.12545443540273,0.52,0.49947916666666664,0.9729166666666667,0.69375,0.9924479166666667,0.6616319444444444
criticos_reducidos,tuned,1022,171,100,92,71,8,141.92431412706696,207.1012720217046,178.34216524361372,97,0.9645833333333333,0.8643656740411966,65827.0,0.21299020003061742,168.909206174209,0.6363636363636364,89.8333461285464,1.0,313.16439986910103,0.23170731707317074,0.4984375,0.9666666666666667,0.9645833333333333,0.9893229166666667,0.6595486111111111
criticos_reducidos,tuned,1023,146,116,108,30,8,164.32332651138165,186.10142113049005,199.17700370767577,81,0.9645833333333333,0.8630640716850101,70366.0,0.18817979999585077,262.7020292524076,0.41935483870967744,27.746338049714108,1.0,264.1077664453826,0.8208955223880597,0.4953125,0.9802083333333333,0.91875,0.9880208333333333,0.6586805555555556
criticos_reducidos,tuned,1024,162,112,104,50,8,155.9897054885869,177.14548531347148,180.34668983517182,83,0.975,0.859159201387732,66182.0,0.1873436999740079,219.57792798342265,0.45161290322580644,35.81485865415775,1.0,250.80118827417786,0.5875,0.4930555555555556,0.978125,0.8333333333333334,0.9841145833333333,0.6560763888888889
criticos_reducidos,tuned,1025,152,111,103,41,8,147.50594396537716,174.58027767621962,172.41530778547104,77,0.9854166666666667,0.8638450259378064,63119.0,0.1944126000162214,206.3875946408957,0.42424242424242425,25.863395006802612,1.0,278.10078254962554,0.6666666666666666,0.4939236111111111,0.9916666666666667,0.9979166666666667,0.9888020833333333,0.6592013888888889
criticos_reducidos,tuned,1026,178,95,87,83,8,141.74225964006723,218.9698404655481,238.6648306792012,106,0.98125,0.8633244320388191,109129.0,0.25561649998417124,283.26827320154536,0.3023255813953488,73.2492008001724,0.9846153846153847,314.7842543312843,0.2571428571428571,0.4942708333333333,0.9875,0.7416666666666667,0.98828125,0.6588541666666666
criticos_reducidos,tuned,1027,143,126,118,17,8,123.33838627662077,134.2865746430117,153.61836387502962,66,0.9708333333333333,0.8604608722860436,50684.0,0.14158779999706894,216.71940655593963,0.4642857142857143,14.599884362542223,1.0,180.62669724213654,0.9710144927536232,0.49409722222222224,0.9770833333333333,0.775,0.9854166666666667,0.6569444444444444
criticos_reducidos,tuned,1028,161,109,101,52,8,135.85332454609932,177.0463848982434,203.56434927430286,88,0.9791666666666666,0.863324436430174,79271.0,0.199924300017301,269.3637095723591,0.3611111111111111,24.001920532912987,1.0,240.53800762055866,0.6027397260273972,0.4951388888888889,0.9822916666666667,0.96875,0.98828125,0.6588541666666666
criticos_reducidos,tuned,1029,146,114,106,32,8,152.83102895909016,169.50056254285158,186.7704261332907,78,0.9625,0.8604608641236768,64910.0,0.18629019998479635,246.04187325144622,0.4482758620689655,46.840828654006266,1.0,227.9078563322997,0.7611940298507462,0.49583333333333335,0.9666666666666667,0.9625,0.9854166666666667,0.6569444444444444
